{"type":"FeatureCollection","features":[{"type":"Feature","id":"way/34210734","properties":{"crop":"grape","landuse":"vineyard","name":"Climat de Bourgogne - Grand Cru - Romanée-Conti","note":"délimitation de l'Appellation d'Origine Controlée Romanée-Conti","source":"Studio Indelebil","source:ref":"décret du 19 mars 1998 ; JORF n°72 du 26 Mars 1998","id":"way/34210734"},"geometry":{"type":"Polygon","coordinates":[[[4.9492434,47.1616832],[4.9491698,47.1613834],[4.9488584,47.1613999],[4.9487965,47.1612488],[4.94872,47.1610496],[4.9485597,47.1610439],[4.9485461,47.1610169],[4.949298,47.1610014],[4.9498217,47.1610126],[4.9506651,47.1609932],[4.9508202,47.1615512],[4.9508434,47.1616964],[4.9508311,47.1618598],[4.950699,47.1621597],[4.9506442,47.1622987],[4.9499678,47.1623215],[4.9499571,47.1621497],[4.9493576,47.1621577],[4.9492101,47.1621494],[4.9492434,47.1616832]]]}},{"type":"Feature","id":"way/34211254","properties":{"crop":"grape","landuse":"vineyard","name":"Climat de Bourgogne - grand Cru - La Romanée","note":"délimitation de l'Appellation d'Origine Controlée Romanée","source":"Studio Indelebil","source:ref":"décret du 19 mars 1998 ; JORF n°72 du 26 Mars 1998","id":"way/34211254"},"geometry":{"type":"Polygon","coordinates":[[[4.9491227,47.1621307],[4.9489491,47.162121],[4.9485868,47.1621127],[4.9482289,47.1620791],[4.948112,47.1620726],[4.9480926,47.1620143],[4.9481836,47.1617186],[4.9480779,47.1610872],[4.9482384,47.1610459],[4.9483871,47.1610368],[4.9484534,47.1610682],[4.9486229,47.1610861],[4.9487649,47.161427],[4.949089,47.1614358],[4.9491791,47.1617018],[4.9491227,47.1621307]]]}},{"type":"Feature","id":"way/34211930","properties":{"crop":"grape","landuse":"vineyard","name":"Climat de Bourgogne - Grand Cru - Les Richebourg","note":"délimitation de l'Appellation d'Origine Controlée Richebourg","source":"Studio Indelebil","source:ref":"décret du 19 mars 1998 ; JORF n°72 du 26 Mars 1998","id":"way/34211930"},"geometry":{"type":"Polygon","coordinates":[[[4.950216,47.1643022],[4.950149,47.1643028],[4.9493682,47.164308],[4.9482532,47.1643565],[4.9481962,47.1641996],[4.9481518,47.1640606],[4.9473452,47.1642575],[4.9473868,47.1638675],[4.9475637,47.1638662],[4.9475261,47.1637306],[4.9475687,47.1635797],[4.947646,47.1634728],[4.9477542,47.1631915],[4.9479122,47.1629751],[4.948004,47.1629461],[4.9479595,47.1621057],[4.9480841,47.1621161],[4.9482994,47.1621223],[4.9486057,47.1621446],[4.9489284,47.1621482],[4.9491633,47.1621636],[4.9495157,47.1621711],[4.94994,47.1621674],[4.9499427,47.1623367],[4.9506429,47.1623162],[4.9506666,47.162576],[4.9507184,47.1627454],[4.9507559,47.1629232],[4.9507575,47.1631749],[4.9507228,47.1633376],[4.9506278,47.1635912],[4.9505455,47.1637137],[4.9504866,47.1637663],[4.9503849,47.1638374],[4.9502732,47.163874],[4.9501985,47.1638963],[4.950191,47.1640185],[4.950216,47.1643022]]]}},{"type":"Feature","id":"way/34212629","properties":{"crop":"grape","landuse":"vineyard","name":"Climat de Bourgogne - Grand Cru - Romanée-Saint-Vivant","note":"délimitation de l'Appellation d'Origine Controlée Romanée-Saint-Vivant","source":"Studio Indelebil","source:ref":"décret du 19 mars 1998 ; JORF n°72 du 26 Mars 1998","id":"way/34212629"},"geometry":{"type":"Polygon","coordinates":[[[4.9524422,47.1640467],[4.9520868,47.1641073],[4.9515298,47.1641645],[4.9506464,47.1642667],[4.9503399,47.1643446],[4.9502943,47.1643162],[4.9502358,47.1639717],[4.9502667,47.163917],[4.9505078,47.1637984],[4.9505962,47.1637206],[4.9506783,47.1635991],[4.9507276,47.1634838],[4.9508006,47.1632376],[4.9508176,47.1630768],[4.9507802,47.1627815],[4.9507235,47.1625425],[4.9507055,47.1623845],[4.9507178,47.1622647],[4.9507436,47.1621852],[4.9508303,47.1620523],[4.9508918,47.1620201],[4.9509603,47.1616943],[4.9509132,47.1616294],[4.95079,47.1610447],[4.9507828,47.1609885],[4.9508074,47.1609563],[4.9513966,47.160828],[4.9516618,47.1606939],[4.9518149,47.1605689],[4.952061,47.1604794],[4.9526565,47.1603689],[4.9528846,47.1618725],[4.9533147,47.1617967],[4.95365,47.1617778],[4.953851,47.1617873],[4.9541276,47.1617727],[4.95465,47.1616989],[4.9548343,47.1616518],[4.9549647,47.1616525],[4.9548853,47.1619237],[4.9549117,47.1620374],[4.9548522,47.1620534],[4.9548621,47.1621348],[4.9550133,47.1621461],[4.9550511,47.1624535],[4.9550971,47.162689],[4.9551987,47.1628727],[4.9556335,47.1628369],[4.9555393,47.1632674],[4.9552334,47.1634764],[4.9550692,47.1635345],[4.9545343,47.1636235],[4.9533055,47.1637533],[4.953015,47.1638361],[4.9524422,47.1640467]]]}},{"type":"Feature","id":"way/34213374","properties":{"crop":"grape","landuse":"vineyard","name":"Climat de Bourgogne - Grand Cru - La Grande Rue","note":"délimitation de l'Appellation d'Origine Controlée La Grande Rue","source":"Denis heffer","source:ref":"décret du 19 mars 1998 ; JORF n°72 du 26 Mars 1998","id":"way/34213374"},"geometry":{"type":"Polygon","coordinates":[[[4.9517265,47.1605415],[4.9517051,47.1605885],[4.951624,47.1606562],[4.9514976,47.1607347],[4.9513468,47.1607867],[4.9510506,47.1608494],[4.9507013,47.1609377],[4.9496704,47.160972],[4.9492687,47.1609627],[4.9484982,47.1609759],[4.9482191,47.1609746],[4.9478786,47.161044],[4.9477642,47.1610447],[4.9476307,47.1610242],[4.9473668,47.1607505],[4.9474978,47.1607239],[4.9483653,47.1606989],[4.9493401,47.1606686],[4.9493603,47.1605678],[4.9501369,47.1605355],[4.9501213,47.1603622],[4.9502431,47.1603595],[4.9502219,47.1601471],[4.950378,47.1601118],[4.9508137,47.160075],[4.9511698,47.1600963],[4.9512141,47.1601781],[4.9512853,47.1602202],[4.951487,47.1601598],[4.9517265,47.1605415]]]}},{"type":"Feature","id":"way/34213492","properties":{"crop":"grape","landuse":"vineyard","name":"Climat de Bourgogne - Grand Cru - La Tâche","note":"délimitation de l'Appellation d'Origine Controlée La Tâche","source":"Denis heffer","source:ref":"décret du 19 mars 1998 ; JORF n°72 du 26 Mars 1998","id":"way/34213492"},"geometry":{"type":"Polygon","coordinates":[[[4.9473668,47.1607505],[4.9472949,47.1606021],[4.9472675,47.1604742],[4.9471511,47.1602122],[4.9469961,47.1600419],[4.9468827,47.1599594],[4.9470025,47.1599217],[4.9469681,47.1597331],[4.9470238,47.1597327],[4.9470691,47.1597323],[4.9470537,47.1595589],[4.9470949,47.1595564],[4.9471535,47.1592645],[4.9474511,47.1592751],[4.9476645,47.1592753],[4.947653,47.159153],[4.9492219,47.1589649],[4.9492886,47.1589569],[4.9492531,47.15883],[4.9498508,47.1587806],[4.9499109,47.1590942],[4.9518965,47.1589079],[4.9520423,47.1589971],[4.9521641,47.1591152],[4.9523454,47.1599584],[4.9520736,47.1599854],[4.9516151,47.160075],[4.9512141,47.1601781],[4.9511698,47.1600963],[4.9508137,47.160075],[4.950378,47.1601118],[4.9502219,47.1601471],[4.9502431,47.1603595],[4.9501213,47.1603622],[4.9501369,47.1605355],[4.9493603,47.1605678],[4.9493401,47.1606686],[4.9483653,47.1606989],[4.9474978,47.1607239],[4.9473668,47.1607505]]]}},{"type":"Feature","id":"way/34304557","properties":{"crop":"grape","landuse":"vineyard","name":"Climat de Bourgogne - Grand Cru - Grand-Echezeaux","note":"délimitation de l'Appellation d'Origine Controlée Grand-Echezeaux","source":"Studio Indelebil","source:ref":"décret du 19 mars 1998 ; JORF n°72 du 26 Mars 1998","id":"way/34304557"},"geometry":{"type":"Polygon","coordinates":[[[4.9532908,47.1731704],[4.9530534,47.1732111],[4.9530071,47.1730552],[4.9529973,47.1728705],[4.9529737,47.1726766],[4.9529361,47.1724375],[4.9528122,47.1719928],[4.9527405,47.1716368],[4.9526944,47.171289],[4.9526813,47.1710701],[4.952688,47.1709091],[4.9527085,47.1707836],[4.9527084,47.1706756],[4.9526931,47.1705597],[4.9526547,47.1703966],[4.95257,47.1701798],[4.9524342,47.1699206],[4.9523377,47.1696083],[4.9522447,47.1693461],[4.9523318,47.1692773],[4.9554863,47.1688586],[4.9555121,47.1690254],[4.9555557,47.169198],[4.9555013,47.1695145],[4.9555024,47.169764],[4.9556346,47.1702575],[4.9556486,47.1705074],[4.95561,47.1706307],[4.9554929,47.1708468],[4.9554504,47.170856],[4.9552021,47.1711498],[4.9547966,47.171635],[4.9545483,47.1719631],[4.9544731,47.1720633],[4.9543774,47.172159],[4.9542476,47.1722319],[4.9540494,47.1723526],[4.9538262,47.172487],[4.9536963,47.1725895],[4.9535915,47.1726898],[4.9535095,47.172815],[4.9533934,47.1730132],[4.9532908,47.1731704]]]}},{"type":"Feature","id":"way/324540230","properties":{"crop":"grape","landuse":"vineyard","name":"Climat de Bourgogne - Grand Cru - Clos de Vougeot","source":"Studio Indelebil","id":"way/324540230"},"geometry":{"type":"Polygon","coordinates":[[[4.9632551,47.1749478],[4.9631573,47.1749787],[4.9629201,47.1750321],[4.9628862,47.1750269],[4.9628354,47.1750374],[4.9628169,47.1750552],[4.9623424,47.1751369],[4.9615429,47.1752709],[4.9609482,47.1753735],[4.9606725,47.175428],[4.9606678,47.1754091],[4.9601857,47.1754961],[4.9599761,47.1755149],[4.9599438,47.1753714],[4.9599191,47.1753746],[4.959799,47.1753222],[4.9594026,47.175368],[4.9594154,47.1754175],[4.959409,47.1754334],[4.9594724,47.1756521],[4.958907,47.1757463],[4.9586682,47.1758039],[4.9585574,47.1758284],[4.958393,47.1758649],[4.9583185,47.1758814],[4.9574574,47.1760657],[4.9573064,47.1760877],[4.957214,47.1761233],[4.9567558,47.1762392],[4.9565808,47.1762834],[4.9564637,47.1762937],[4.9564063,47.1762722],[4.9563597,47.176235],[4.9562219,47.1762961],[4.9561942,47.1762699],[4.9561279,47.176339],[4.9561372,47.1763474],[4.9558629,47.1763893],[4.9558198,47.1763411],[4.9557536,47.1763579],[4.9554747,47.1762982],[4.9554855,47.1762898],[4.955467,47.1762751],[4.9554208,47.1762919],[4.9551004,47.1762395],[4.955011,47.1761673],[4.9548447,47.1759495],[4.9545997,47.1755966],[4.954495,47.1755358],[4.9543086,47.1754186],[4.9541052,47.1752123],[4.9538187,47.1749264],[4.9537586,47.1748499],[4.953737,47.1746478],[4.95368,47.1742195],[4.9536646,47.1741892],[4.9536415,47.1740384],[4.9536045,47.1737504],[4.9535583,47.1736425],[4.9540497,47.1737053],[4.9541021,47.1737158],[4.9541653,47.1737106],[4.9542069,47.1736938],[4.9542254,47.1736635],[4.9542315,47.1735902],[4.9542238,47.1735179],[4.9542007,47.173387],[4.9541542,47.1731903],[4.9541496,47.17313],[4.9541636,47.1730871],[4.954271,47.1729665],[4.9544461,47.1727824],[4.9546142,47.1725665],[4.9547987,47.1723522],[4.9549201,47.1722522],[4.955177,47.1721125],[4.9553661,47.1719903],[4.9554385,47.1719443],[4.9554478,47.1719252],[4.9554525,47.1718712],[4.9554431,47.1717554],[4.9554665,47.1717506],[4.9554782,47.1717379],[4.9554385,47.1715188],[4.9554175,47.171522],[4.9554128,47.1714839],[4.9554735,47.1712633],[4.9554898,47.1712347],[4.9555015,47.1711649],[4.9555622,47.1709776],[4.9556323,47.1708426],[4.955763,47.1707172],[4.9558004,47.170668],[4.9558167,47.1704363],[4.9557911,47.1703347],[4.9557747,47.1702442],[4.9557163,47.1699664],[4.955644,47.1697473],[4.9556346,47.1696124],[4.9556486,47.1694584],[4.9556907,47.1693092],[4.955728,47.1692425],[4.9556816,47.1690333],[4.9556281,47.1688467],[4.9561156,47.1687585],[4.9568457,47.1686873],[4.9572528,47.1686513],[4.9573853,47.168638],[4.9575881,47.1686127],[4.9575937,47.1685044],[4.957575,47.1682361],[4.9575818,47.1682068],[4.9576082,47.1681673],[4.9576808,47.1681338],[4.957828,47.1681001],[4.9580252,47.1680748],[4.9585674,47.1680218],[4.9591348,47.1679424],[4.9596998,47.1678678],[4.9603069,47.1678027],[4.9613133,47.1677424],[4.9615842,47.1677123],[4.962733,47.1676456],[4.9627073,47.1678043],[4.962663,47.1682409],[4.9626279,47.1684155],[4.9626069,47.168533],[4.9625906,47.1686854],[4.9625392,47.1688076],[4.9624878,47.1690124],[4.9624248,47.1693664],[4.9623804,47.1696648],[4.9623594,47.1699188],[4.9623781,47.1701124],[4.9623562,47.1704169],[4.9623508,47.170635],[4.9623477,47.1709014],[4.9624234,47.1714448],[4.9625296,47.171855],[4.9625915,47.1721522],[4.9626251,47.1723041],[4.9626853,47.1725034],[4.9627154,47.1725732],[4.9627348,47.1726502],[4.9627897,47.1730111],[4.9628127,47.1731266],[4.9628357,47.1731999],[4.9629171,47.1736258],[4.9629543,47.1738459],[4.9630445,47.1740961],[4.9631578,47.1743812],[4.9632586,47.1747349],[4.9632551,47.1749478]]]}},{"type":"Feature","id":"way/326755045","properties":{"crop":"grape","landuse":"vineyard","source":"Studio Indelebil","id":"way/326755045"},"geometry":{"type":"Polygon","coordinates":[[[4.9626877,47.170186],[4.9635034,47.170192],[4.9639122,47.1701554],[4.9657673,47.1698741],[4.9658909,47.1702547],[4.9644962,47.1705089],[4.9639181,47.170595],[4.9635677,47.1706354],[4.9627264,47.1706502],[4.9627284,47.1705573],[4.962671,47.1703797],[4.9626877,47.170186]]]}},{"type":"Feature","id":"way/341243296","properties":{"addr:city":"Nuits-Saint-Georges","crop":"grape","landuse":"vineyard","name":"Climat de Bourgogne - Premier Cru - Nuits-Saint-Georges - Les Damodes","source":"Studio Indelebil","id":"way/341243296"},"geometry":{"type":"Polygon","coordinates":[[[4.9460001,47.1575621],[4.9455911,47.1576325],[4.9450993,47.1577122],[4.9451654,47.1580069],[4.9441301,47.1581111],[4.943698,47.1581314],[4.9435982,47.1581145],[4.9438254,47.1579028],[4.9439258,47.1577418],[4.9440147,47.1575072],[4.9441263,47.1572019],[4.9441992,47.1570654],[4.9445227,47.1566712],[4.9445903,47.1565412],[4.944673,47.1562292],[4.944673,47.1560903],[4.9447004,47.1559536],[4.9448371,47.1556338],[4.9450149,47.1545858],[4.9450284,47.1542929],[4.9450557,47.154097],[4.9451241,47.1537781],[4.9451309,47.153548],[4.9451355,47.1533293],[4.9451674,47.1532382],[4.9451742,47.1531015],[4.9451694,47.1530424],[4.9450694,47.1527872],[4.9449362,47.152357],[4.9444361,47.1517871],[4.9443167,47.1515922],[4.9441609,47.1511796],[4.9439532,47.1504634],[4.9446785,47.1510471],[4.9449965,47.1513429],[4.9451195,47.1514864],[4.9454111,47.1518532],[4.9455655,47.1519991],[4.9457665,47.1522154],[4.9459328,47.1524455],[4.9460398,47.1526837],[4.9461082,47.1528418],[4.9460968,47.1528965],[4.9459692,47.1529216],[4.9460125,47.1531266],[4.9461469,47.1533134],[4.9462208,47.1534647],[4.9461742,47.1535731],[4.9462722,47.1544615],[4.9463281,47.1545084],[4.9463086,47.1547098],[4.9462676,47.1550424],[4.9462804,47.1553672],[4.9463291,47.1561313],[4.9463838,47.1563887],[4.9464449,47.1564871],[4.9466071,47.1567236],[4.9466207,47.1568192],[4.946623,47.1569746],[4.9463065,47.1569992],[4.9463884,47.1574958],[4.9462426,47.1575254],[4.9460001,47.1575621]]]}},{"type":"Feature","id":"way/341298349","properties":{"addr:city":"Vosne-Romanée","crop":"grape","landuse":"vineyard","name":"Climat de Bourgogne - Village - Vosne Romanee Les Jacquines","source":"Studio Indelebil","id":"way/341298349"},"geometry":{"type":"Polygon","coordinates":[[[4.9553228,47.1533007],[4.9545865,47.1533186],[4.9539257,47.1514762],[4.9536072,47.151528],[4.9535064,47.1515281],[4.9534818,47.1514585],[4.953054,47.1515215],[4.9530795,47.1515992],[4.9525146,47.151697],[4.9525366,47.1513739],[4.9526422,47.1513099],[4.9527053,47.1512483],[4.9527466,47.1511636],[4.9527365,47.1510099],[4.9541168,47.1507394],[4.9555287,47.1504369],[4.9557266,47.1507295],[4.9558,47.1508717],[4.9558467,47.1510321],[4.955846,47.1511311],[4.9558105,47.1512465],[4.9556411,47.1515467],[4.9556006,47.1517962],[4.9555574,47.1521562],[4.9555055,47.1526439],[4.9553652,47.1532711],[4.9553228,47.1533007]]]}},{"type":"Feature","id":"way/409744313","properties":{"crop":"grape","landuse":"vineyard","source":"Studio Indelebil","id":"way/409744313"},"geometry":{"type":"Polygon","coordinates":[[[4.9358527,47.1729067],[4.9357357,47.1726596],[4.936013,47.1726051],[4.9361239,47.1725339],[4.9362286,47.1720187],[4.9362964,47.1715202],[4.9362348,47.1713275],[4.9361485,47.1710343],[4.9357295,47.1700791],[4.9366785,47.1698697],[4.9370174,47.1702425],[4.9375905,47.1707745],[4.939355,47.1721947],[4.9358527,47.1729067]]]}},{"type":"Feature","id":"way/409744314","properties":{"crop":"grape","landuse":"vineyard","source":"Studio Indelebil","id":"way/409744314"},"geometry":{"type":"Polygon","coordinates":[[[4.9359205,47.1699618],[4.9346388,47.1689397],[4.9351195,47.1685082],[4.9353659,47.1686297],[4.9360684,47.169124],[4.9362594,47.1693083],[4.9363519,47.1694508],[4.936623,47.1698027],[4.9359205,47.1699618]]]}},{"type":"Feature","id":"way/409744315","properties":{"crop":"grape","landuse":"vineyard","source":"Studio Indelebil","id":"way/409744315"},"geometry":{"type":"Polygon","coordinates":[[[4.9394274,47.1721418],[4.9383345,47.1712755],[4.9372978,47.1703441],[4.9387004,47.169772],[4.9390866,47.1702032],[4.9394119,47.1706316],[4.9395419,47.1708499],[4.9396111,47.1711042],[4.9396883,47.171516],[4.9399343,47.1717462],[4.9397224,47.1718993],[4.9395642,47.1720944],[4.9394274,47.1721418]]]}},{"type":"Feature","id":"way/409758489","properties":{"crop":"grape","landuse":"vineyard","name":"Climat de Bourgogne - Village","source":"Studio Indelebil","id":"way/409758489"},"geometry":{"type":"Polygon","coordinates":[[[4.9524241,47.1597325],[4.9523038,47.1592079],[4.9527285,47.159167],[4.9527533,47.1592921],[4.9530895,47.159256],[4.9530895,47.1591574],[4.9534788,47.1591068],[4.9535744,47.1594221],[4.9533231,47.1594774],[4.9533691,47.1596651],[4.9529515,47.1597133],[4.9529408,47.1596796],[4.9524241,47.1597325]]]}},{"type":"Feature","id":"way/409758490","properties":{"crop":"grape","landuse":"vineyard","name":"Climat de Bourgogne - Village","source":"Studio Indelebil","id":"way/409758490"},"geometry":{"type":"Polygon","coordinates":[[[4.9538079,47.1595713],[4.9536876,47.1592079],[4.9536911,47.1591574],[4.9537336,47.1591237],[4.9537619,47.1590731],[4.9538398,47.1590009],[4.953953,47.1589528],[4.9540451,47.1589143],[4.9541371,47.1589023],[4.9542539,47.1589287],[4.9546007,47.1590178],[4.9547352,47.159451],[4.9538079,47.1595713]]]}},{"type":"Feature","id":"way/410064415","properties":{"crop":"grape","landuse":"vineyard","name":"Climat de Bourgogne - Grand Cru","source":"Studio Indelebil","id":"way/410064415"},"geometry":{"type":"Polygon","coordinates":[[[4.9500168,47.169287],[4.9496987,47.1680189],[4.9497884,47.1679932],[4.9516987,47.1677673],[4.9517186,47.167952],[4.9517781,47.1681459],[4.9519051,47.1685086],[4.9521238,47.1692646],[4.9517945,47.1693105],[4.9513635,47.1693743],[4.9511148,47.1693624],[4.9504985,47.1693164],[4.9500168,47.169287]]]}},{"type":"Feature","id":"way/410064416","properties":{"crop":"grape","landuse":"vineyard","name":"Climat de Bourgogne - Grand Cru","source":"Studio Indelebil","id":"way/410064416"},"geometry":{"type":"Polygon","coordinates":[[[4.9553382,47.1677491],[4.9573659,47.1676037],[4.9574296,47.167833],[4.9574837,47.1682317],[4.9574845,47.1683567],[4.957463,47.1685316],[4.9573224,47.1685663],[4.9555642,47.168752],[4.9554235,47.1681365],[4.9553634,47.1679055],[4.9553382,47.1677491]]]}},{"type":"Feature","id":"way/410064417","properties":{"crop":"grape","landuse":"vineyard","name":"Climat de Bourgogne - Grand Cru","source":"Studio Indelebil","id":"way/410064417"},"geometry":{"type":"Polygon","coordinates":[[[4.9517091,47.1661658],[4.9529117,47.1660298],[4.9549558,47.1658207],[4.9549173,47.1661154],[4.9548907,47.1664317],[4.9549219,47.1666098],[4.9551646,47.1673433],[4.9552921,47.1679204],[4.9554139,47.1683502],[4.9554683,47.1687161],[4.9554832,47.1687978],[4.952268,47.1692409],[4.9522267,47.1692202],[4.9521248,47.1689501],[4.9520292,47.1686834],[4.9519572,47.1683952],[4.9518257,47.16805],[4.9517733,47.1678001],[4.9517627,47.1674553],[4.9517379,47.1671311],[4.9517123,47.1667459],[4.951685,47.1664238],[4.9516846,47.1662314],[4.9517091,47.1661658]]]}},{"type":"Feature","id":"way/410064420","properties":{"crop":"grape","landuse":"vineyard","name":"Climat de Bourgogne - Grand Cru","source":"Studio Indelebil","id":"way/410064420"},"geometry":{"type":"Polygon","coordinates":[[[4.9497426,47.1693293],[4.9503351,47.1693729],[4.950821,47.1694077],[4.9513143,47.1694289],[4.9516475,47.1693829],[4.9521533,47.1693179],[4.9522341,47.1695879],[4.9523514,47.1698868],[4.9524606,47.1701805],[4.9526061,47.170495],[4.952638,47.1708114],[4.9524806,47.170833],[4.9524598,47.1709113],[4.9520066,47.1709082],[4.9515039,47.1709517],[4.9511992,47.1710241],[4.9503676,47.1710167],[4.950072,47.1710136],[4.9500342,47.1709498],[4.9499398,47.1705242],[4.9498945,47.1702536],[4.949775,47.1700031],[4.94975,47.1698557],[4.949709,47.1693809],[4.9497426,47.1693293]]]}},{"type":"Feature","id":"way/410064421","properties":{"crop":"grape","landuse":"vineyard","name":"Climat de Bourgogne - Grand Cru","source":"Studio Indelebil","id":"way/410064421"},"geometry":{"type":"Polygon","coordinates":[[[4.9482271,47.1666655],[4.9516004,47.1661542],[4.951586,47.166407],[4.9516343,47.1667581],[4.9516692,47.1670665],[4.9516949,47.1675551],[4.9517009,47.1677189],[4.9503124,47.1678875],[4.9493447,47.1680356],[4.9492337,47.1680449],[4.9491592,47.1680253],[4.949152,47.1679368],[4.9488221,47.1679639],[4.9488083,47.1679104],[4.9488133,47.1678324],[4.9487293,47.1677962],[4.9486865,47.1677029],[4.9487315,47.1676403],[4.948682,47.1675794],[4.9486602,47.1675233],[4.9486538,47.1674563],[4.9486402,47.1674054],[4.9484948,47.167416],[4.9484535,47.1672555],[4.9483762,47.1670821],[4.9482677,47.1669147],[4.9481791,47.166755],[4.9481539,47.1667124],[4.9482271,47.1666655]]]}},{"type":"Feature","id":"way/410064422","properties":{"crop":"grape","landuse":"vineyard","name":"Climat de Bourgogne - Grand Cru","source":"Studio Indelebil","id":"way/410064422"},"geometry":{"type":"Polygon","coordinates":[[[4.9500045,47.1710014],[4.9499784,47.1710394],[4.9498447,47.1710471],[4.9493094,47.1710615],[4.9488637,47.1710476],[4.9487087,47.1710126],[4.9483745,47.1709242],[4.9480827,47.1708083],[4.9478222,47.1706864],[4.947498,47.1705495],[4.9472377,47.170433],[4.946981,47.1703084],[4.9467988,47.1701745],[4.946655,47.170013],[4.9464805,47.1698736],[4.946291,47.1697532],[4.9460338,47.1696152],[4.9463079,47.1695675],[4.9463795,47.1694803],[4.9475145,47.1693805],[4.947825,47.1693591],[4.9484983,47.1693477],[4.9491877,47.1693467],[4.9496562,47.1693388],[4.9497105,47.1699612],[4.9497424,47.1700789],[4.9498486,47.170292],[4.94988,47.1705037],[4.9500045,47.1710014]]]}},{"type":"Feature","id":"way/410064424","properties":{"crop":"grape","landuse":"vineyard","name":"Climat de Bourgogne - Premier Cru","source":"Studio Indelebil","id":"way/410064424"},"geometry":{"type":"Polygon","coordinates":[[[4.9455352,47.1694463],[4.9455897,47.1694292],[4.9457047,47.1694488],[4.9458421,47.1695432],[4.9459524,47.1696515],[4.9460578,47.169733],[4.9462598,47.1698693],[4.9465291,47.1700178],[4.9466318,47.1701316],[4.9467458,47.1702345],[4.9469006,47.1703716],[4.9469157,47.1704627],[4.9466919,47.1704853],[4.9466968,47.1710521],[4.9466886,47.171149],[4.9466271,47.171193],[4.9462384,47.1711932],[4.9462515,47.1714185],[4.9454066,47.171434],[4.9453726,47.1708247],[4.945116,47.1708102],[4.9451732,47.1706507],[4.9452136,47.1705694],[4.9453033,47.1703288],[4.9453787,47.170126],[4.9453915,47.1698276],[4.9454196,47.1697357],[4.9454821,47.1696111],[4.9455352,47.1694463]]]}},{"type":"Feature","id":"way/410064425","properties":{"crop":"grape","landuse":"vineyard","name":"Climat de Bourgogne - Premier Cru","source":"Studio Indelebil","id":"way/410064425"},"geometry":{"type":"Polygon","coordinates":[[[4.9458889,47.1694215],[4.9458233,47.1691351],[4.9459361,47.1690956],[4.9458655,47.1689974],[4.9459795,47.1687724],[4.9460798,47.1687143],[4.9460367,47.168613],[4.9462982,47.1683291],[4.9466771,47.1680244],[4.9468137,47.1678797],[4.946859,47.1678252],[4.9468498,47.1677905],[4.9470724,47.1675207],[4.9473054,47.1673179],[4.9475154,47.167137],[4.9477301,47.1669749],[4.947992,47.1668092],[4.9480778,47.1667863],[4.9481633,47.1668601],[4.9483186,47.1671234],[4.9483814,47.1673319],[4.9484363,47.1675406],[4.9486498,47.1678862],[4.9487967,47.1680261],[4.9488561,47.1681406],[4.9493493,47.1680743],[4.9496282,47.1680308],[4.9497745,47.1685845],[4.9499343,47.1692938],[4.9482092,47.1693069],[4.9477999,47.1693192],[4.9458889,47.1694215]]]}},{"type":"Feature","id":"way/410067446","properties":{"crop":"grape","landuse":"vineyard","name":"Climat de Bourgogne - Grand Cru - Les Verroilles de Richebourg","note":"délimitation de l'Appellation d'Origine Controlée Richebourg","source":"Studio Indelebil","source:ref":"décret du 19 mars 1998 ; JORF n°72 du 26 Mars 1998","id":"way/410067446"},"geometry":{"type":"Polygon","coordinates":[[[4.9473416,47.1642932],[4.9480733,47.164115],[4.9481088,47.1642327],[4.9481766,47.1643907],[4.9493635,47.1643397],[4.9501164,47.1643262],[4.9502061,47.1643274],[4.9502336,47.1643523],[4.950221,47.1644114],[4.9498899,47.1645794],[4.949691,47.1647146],[4.9495811,47.164847],[4.9493101,47.1651698],[4.9490572,47.1653624],[4.9489501,47.1654019],[4.9488845,47.1654191],[4.9487722,47.1654046],[4.9482967,47.1652491],[4.9482073,47.1652312],[4.9480453,47.1651985],[4.9475295,47.165129],[4.9469904,47.1650961],[4.9463836,47.1650838],[4.9463792,47.165062],[4.9458598,47.1650458],[4.9457212,47.1650634],[4.9457141,47.1650036],[4.9457477,47.1646596],[4.9457863,47.1644712],[4.9458867,47.1644602],[4.9460869,47.164457],[4.9462526,47.1644069],[4.9463594,47.1643499],[4.9463716,47.1642751],[4.947156,47.1643277],[4.9473416,47.1642932]]]}},{"type":"Feature","id":"way/410067447","properties":{"crop":"grape","landuse":"vineyard","name":"Climat de Bourgogne - Premier Cru - Les Suchots","source":"Studio Indelebil","id":"way/410067447"},"geometry":{"type":"Polygon","coordinates":[[[4.9482159,47.1666288],[4.9482327,47.1665979],[4.9482897,47.1664932],[4.948398,47.1663301],[4.9485054,47.1661429],[4.9485889,47.1659481],[4.9486627,47.1658098],[4.9487374,47.1656984],[4.9488521,47.1656024],[4.9491368,47.1654149],[4.949383,47.1652522],[4.9495091,47.1651452],[4.949607,47.1650227],[4.9496808,47.1648844],[4.94976,47.164789],[4.9498863,47.1646874],[4.9501412,47.1645461],[4.9503306,47.1644488],[4.9506463,47.1643548],[4.9513833,47.1642563],[4.9514851,47.1642385],[4.9515265,47.1642942],[4.9515466,47.1645195],[4.9516147,47.1647656],[4.9516539,47.1650846],[4.9517121,47.1653845],[4.9517198,47.165594],[4.9516967,47.1658254],[4.9516167,47.1661143],[4.9482159,47.1666288]]]}},{"type":"Feature","id":"way/410067448","properties":{"crop":"grape","landuse":"vineyard","name":"Climat de Bourgogne - Premier Cru - Les Suchots","source":"Studio Indelebil","id":"way/410067448"},"geometry":{"type":"Polygon","coordinates":[[[4.9517196,47.1661287],[4.9517223,47.1660937],[4.9517517,47.1659293],[4.9518103,47.1656999],[4.9518134,47.1654607],[4.9518015,47.1652433],[4.951745,47.1649917],[4.951654,47.1646574],[4.9516161,47.1643733],[4.951605,47.1642848],[4.951635,47.164244],[4.952024,47.1642159],[4.9524981,47.164146],[4.9525669,47.1640884],[4.9528005,47.1640119],[4.9530101,47.1639277],[4.953197,47.1638681],[4.953404,47.1638189],[4.9537219,47.1637867],[4.9544322,47.1637101],[4.9547342,47.1636754],[4.9550874,47.1636372],[4.9551032,47.163747],[4.9550748,47.1639383],[4.9550442,47.1641806],[4.9550272,47.1643609],[4.9550215,47.1645276],[4.9550344,47.1646644],[4.9550627,47.1647929],[4.9550634,47.1650266],[4.9550567,47.1652739],[4.9550027,47.165522],[4.9549454,47.1657863],[4.9517196,47.1661287]]]}},{"type":"Feature","id":"way/410067449","properties":{"crop":"grape","landuse":"vineyard","name":"Climat de Bourgogne - Premier Cru","source":"Studio Indelebil","id":"way/410067449"},"geometry":{"type":"Polygon","coordinates":[[[4.9456092,47.1643932],[4.9456598,47.1642688],[4.9460335,47.1640395],[4.9462218,47.1640175],[4.9462446,47.1638854],[4.9462443,47.1635523],[4.9463037,47.1634545],[4.9467573,47.1635758],[4.9471778,47.1636574],[4.9474666,47.1636901],[4.9474953,47.1638293],[4.9473423,47.163848],[4.9473048,47.1642221],[4.9464527,47.1641909],[4.9463834,47.164235],[4.9463147,47.1642953],[4.9462382,47.1643584],[4.9460549,47.1644099],[4.945866,47.1644158],[4.9456807,47.1644108],[4.9456092,47.1643932]]]}},{"type":"Feature","id":"way/410067450","properties":{"crop":"grape","landuse":"vineyard","name":"Climat de Bourgogne - Premier Cru","source":"Studio Indelebil","id":"way/410067450"},"geometry":{"type":"Polygon","coordinates":[[[4.9429909,47.166059],[4.9437219,47.1660091],[4.9438223,47.1656285],[4.9455784,47.1658191],[4.9465038,47.1659189],[4.9470887,47.1659681],[4.9474521,47.1659942],[4.9474098,47.166132],[4.9473686,47.1661891],[4.9472634,47.1662204],[4.9471338,47.1662334],[4.9470323,47.1662593],[4.9469747,47.1663005],[4.9469703,47.1663947],[4.9469547,47.1665078],[4.9463919,47.1664152],[4.9461698,47.1663733],[4.9458271,47.1663764],[4.9445504,47.166476],[4.9442929,47.1664373],[4.9437595,47.1663926],[4.9432849,47.1665592],[4.9430941,47.1662964],[4.9429963,47.1662067],[4.9429681,47.1660809],[4.9429909,47.166059]]]}},{"type":"Feature","id":"way/410067451","properties":{"crop":"grape","landuse":"vineyard","name":"Climat de Bourgogne - Premier Cru","source":"Studio Indelebil","id":"way/410067451"},"geometry":{"type":"Polygon","coordinates":[[[4.9450834,47.1656408],[4.9451324,47.1653659],[4.9453583,47.1652949],[4.9455681,47.1652134],[4.9457775,47.1651212],[4.9459616,47.1650912],[4.9462178,47.1650949],[4.9468103,47.1651386],[4.9477298,47.1652007],[4.9481127,47.1652546],[4.948164,47.1652608],[4.9487992,47.1654488],[4.9487497,47.1654953],[4.9484281,47.1656432],[4.9480984,47.1657831],[4.9479157,47.1658507],[4.947661,47.1658899],[4.9473699,47.1659002],[4.9470269,47.1658953],[4.9469926,47.165818],[4.9469128,47.1657898],[4.9467478,47.1658033],[4.9466032,47.1658353],[4.9463892,47.1657986],[4.9461394,47.1657545],[4.9461407,47.1656819],[4.9456919,47.1656922],[4.9455302,47.1656869],[4.9450834,47.1656408]]]}},{"type":"Feature","id":"way/410067452","properties":{"crop":"grape","landuse":"vineyard","name":"Climat de Bourgogne - Premier Cru","source":"Studio Indelebil","id":"way/410067452"},"geometry":{"type":"Polygon","coordinates":[[[4.9456157,47.1676562],[4.9446362,47.1680758],[4.9445075,47.1681347],[4.9444775,47.1681537],[4.9445045,47.1682446],[4.9440904,47.168526],[4.9437726,47.1686026],[4.9437055,47.1685351],[4.9435526,47.1682652],[4.9433058,47.1680364],[4.9427989,47.167699],[4.9423993,47.1673644],[4.9422513,47.1670495],[4.9429562,47.1666212],[4.9430856,47.166713],[4.9432212,47.1668665],[4.9435132,47.1669879],[4.9437215,47.1670811],[4.9438824,47.1672799],[4.9441336,47.1675792],[4.9441779,47.1674979],[4.9439773,47.1671815],[4.9437688,47.1668653],[4.9436752,47.1667836],[4.9435354,47.1667323],[4.9433954,47.1666728],[4.9433059,47.1665964],[4.943757,47.166433],[4.9442102,47.1664671],[4.9442231,47.1664681],[4.9444374,47.1665101],[4.9447542,47.1667707],[4.9449818,47.166963],[4.9452103,47.167072],[4.9453283,47.1671748],[4.9453979,47.1673536],[4.9455274,47.1675556],[4.9456157,47.1676562]]]}},{"type":"Feature","id":"way/410067453","properties":{"crop":"grape","landuse":"vineyard","name":"Climat de Bourgogne - Premier Cru","source":"Studio Indelebil","id":"way/410067453"},"geometry":{"type":"Polygon","coordinates":[[[4.9445734,47.1665669],[4.9456247,47.1664416],[4.9459235,47.1664258],[4.94612,47.1664118],[4.9463902,47.166477],[4.9466131,47.1665377],[4.9468113,47.166572],[4.9469609,47.1665695],[4.9470769,47.1665084],[4.9470422,47.166423],[4.9470543,47.1663207],[4.9471561,47.1663028],[4.9473204,47.1662732],[4.947421,47.1662231],[4.9474575,47.1661419],[4.9475085,47.1660282],[4.9475943,47.1660052],[4.9479317,47.1659673],[4.9482751,47.1658755],[4.9485692,47.1657308],[4.9483738,47.166207],[4.9482155,47.1665027],[4.9481234,47.1666275],[4.9480298,47.1667125],[4.9477288,47.1668842],[4.9473766,47.1671642],[4.9469641,47.1675205],[4.946685,47.1678638],[4.9463111,47.1681979],[4.9461883,47.168286],[4.9461243,47.1683153],[4.9460618,47.168276],[4.9459546,47.1680898],[4.9458283,47.1678689],[4.9455533,47.1675122],[4.9454599,47.1673257],[4.9453989,47.1671655],[4.9452922,47.1670491],[4.9450359,47.1669352],[4.9445734,47.1665669]]]}},{"type":"Feature","id":"way/410067454","properties":{"crop":"grape","landuse":"vineyard","name":"Climat de Bourgogne - Premier Cru","source":"Studio Indelebil","id":"way/410067454"},"geometry":{"type":"Polygon","coordinates":[[[4.9441072,47.1628496],[4.9441121,47.1626588],[4.9442577,47.1626563],[4.944331,47.1625046],[4.9443167,47.1624377],[4.9443511,47.1621899],[4.9444055,47.1621702],[4.9446854,47.1620687],[4.9448852,47.1620385],[4.9451359,47.1619993],[4.9451821,47.1618615],[4.9456745,47.1617537],[4.9459909,47.1616785],[4.9461551,47.1616462],[4.9464382,47.1616306],[4.9465954,47.1616199],[4.946689,47.1615941],[4.9467739,47.161547],[4.9468704,47.1614917],[4.9470269,47.1614621],[4.9471242,47.1614309],[4.9471764,47.1613494],[4.9472301,47.1613082],[4.9473268,47.1612609],[4.9474829,47.1612207],[4.9477253,47.1611709],[4.9477467,47.1611087],[4.9479893,47.1610643],[4.9480965,47.1616267],[4.9480939,47.1617718],[4.9480532,47.16206],[4.9479942,47.1620637],[4.947908,47.1620759],[4.9479543,47.1629134],[4.9478694,47.1629605],[4.9477231,47.1631618],[4.9475697,47.1634922],[4.9474967,47.1636519],[4.9468035,47.1635482],[4.9462829,47.1634227],[4.9462924,47.1633607],[4.9457229,47.1632978],[4.9457144,47.1631717],[4.9449383,47.1630639],[4.9450224,47.1628852],[4.9441072,47.1628496]]]}},{"type":"Feature","id":"way/410067455","properties":{"crop":"grape","landuse":"vineyard","name":"Climat de Bourgogne - Village","source":"Studio Indelebil","id":"way/410067455"},"geometry":{"type":"Polygon","coordinates":[[[4.9549902,47.1665781],[4.954979,47.1663795],[4.9550016,47.1661373],[4.9550484,47.1656932],[4.955074,47.1655316],[4.955384,47.1654994],[4.9561564,47.1652901],[4.9562017,47.1654506],[4.9562763,47.1655514],[4.9564098,47.1656485],[4.9564866,47.165701],[4.9565285,47.1657701],[4.9566072,47.165981],[4.9566975,47.166189],[4.9567524,47.1662824],[4.9555586,47.1665013],[4.9549902,47.1665781]]]}},{"type":"Feature","id":"way/410067456","properties":{"crop":"grape","landuse":"vineyard","name":"Climat de Bourgogne - Village","source":"Studio Indelebil","id":"way/410067456"},"geometry":{"type":"Polygon","coordinates":[[[4.9550267,47.1666071],[4.9555832,47.1665277],[4.9565884,47.166369],[4.9567887,47.1663111],[4.956937,47.166596],[4.9570839,47.1668434],[4.9571323,47.1669894],[4.9572078,47.1672365],[4.9572583,47.1673982],[4.9573044,47.1675199],[4.957338,47.16757],[4.9553194,47.1677144],[4.9552614,47.1674225],[4.9552135,47.1671896],[4.9551117,47.1668851],[4.9550452,47.166682],[4.9550267,47.1666071]]]}},{"type":"Feature","id":"way/410067457","properties":{"crop":"grape","landuse":"vineyard","name":"Climat de Bourgogne - Village","source":"Studio Indelebil","id":"way/410067457"},"geometry":{"type":"Polygon","coordinates":[[[4.9550809,47.1655046],[4.9550872,47.1654615],[4.9551305,47.1653533],[4.9551662,47.1651458],[4.9551673,47.1649604],[4.9551569,47.1647832],[4.9551212,47.1646683],[4.9551261,47.1645876],[4.9551261,47.1643727],[4.9551929,47.1639363],[4.9559214,47.1638218],[4.9559733,47.1639472],[4.9560604,47.164389],[4.956056,47.1644858],[4.9560194,47.1646691],[4.9560179,47.1648438],[4.9560643,47.1650338],[4.9561396,47.1652609],[4.9553516,47.1654731],[4.9550809,47.1655046]]]}},{"type":"Feature","id":"way/410067459","properties":{"crop":"grape","landuse":"vineyard","name":"Climat de Bourgogne - Village","source":"Studio Indelebil","id":"way/410067459"},"geometry":{"type":"Polygon","coordinates":[[[4.9437545,47.1656082],[4.9437368,47.1658248],[4.9436942,47.1658443],[4.9436876,47.1659881],[4.9429455,47.1660007],[4.94293,47.1660641],[4.9429551,47.1661577],[4.9429336,47.1662696],[4.9425813,47.1665496],[4.9425045,47.1666046],[4.9426133,47.1666713],[4.9422916,47.1668715],[4.9419511,47.1665535],[4.9421103,47.1664353],[4.9421846,47.1663669],[4.9421643,47.166296],[4.9422378,47.1662585],[4.9424584,47.1662561],[4.9425965,47.1660469],[4.9426084,47.1659956],[4.9422074,47.1657458],[4.9418283,47.1655588],[4.9417265,47.1654692],[4.9415985,47.1653612],[4.9415898,47.1652834],[4.9416505,47.1652206],[4.9417249,47.1652072],[4.9418422,47.1652375],[4.9425393,47.165395],[4.9429287,47.1654865],[4.9433189,47.1655457],[4.9436769,47.1655853],[4.9437545,47.1656082]]]}},{"type":"Feature","id":"way/410067460","properties":{"crop":"grape","landuse":"vineyard","name":"Climat de Bourgogne - Village","source":"Studio Indelebil","id":"way/410067460"},"geometry":{"type":"Polygon","coordinates":[[[4.9440807,47.1628796],[4.9449058,47.1629274],[4.9448443,47.1630789],[4.9456326,47.1631972],[4.945621,47.163313],[4.9462108,47.1633889],[4.9461923,47.1635317],[4.9461971,47.1638782],[4.9458701,47.1638783],[4.9457604,47.1640038],[4.9456632,47.1640377],[4.9455567,47.1640341],[4.9456039,47.1641408],[4.9454987,47.1642823],[4.9454166,47.1644073],[4.9455789,47.1644287],[4.9457298,47.1644611],[4.9457295,47.164548],[4.9456785,47.1651068],[4.9451931,47.1653004],[4.9449308,47.1653451],[4.9446433,47.1653473],[4.9443355,47.1653337],[4.9442097,47.1653412],[4.9440569,47.1653653],[4.9438762,47.1653791],[4.9435918,47.165357],[4.9432168,47.1653365],[4.9427738,47.1652876],[4.9425403,47.1652593],[4.9426561,47.1647603],[4.9427721,47.1645123],[4.9430403,47.1644832],[4.9430725,47.1642771],[4.9432627,47.164218],[4.9433205,47.164072],[4.9438233,47.1640339],[4.9438638,47.1637377],[4.9439708,47.1635397],[4.9440766,47.1631994],[4.944105,47.1630055],[4.9441021,47.1629249],[4.9440807,47.1628796]]]}},{"type":"Feature","id":"way/410067461","properties":{"crop":"grape","landuse":"vineyard","name":"Climat de Bourgogne - Village","source":"Studio Indelebil","id":"way/410067461"},"geometry":{"type":"Polygon","coordinates":[[[4.9443531,47.1621388],[4.9443479,47.162104],[4.9443836,47.1620013],[4.9444279,47.1618125],[4.944456,47.1616105],[4.9444716,47.1612797],[4.9445934,47.1612723],[4.9446293,47.161175],[4.9444286,47.1611811],[4.9444868,47.160941],[4.9445545,47.1607437],[4.9446135,47.160525],[4.9446381,47.1603366],[4.944817,47.1601643],[4.9448674,47.1601419],[4.9449612,47.1601215],[4.9450273,47.1600989],[4.9450756,47.1600175],[4.9451121,47.1599389],[4.9451962,47.1598677],[4.9453282,47.1598144],[4.9454877,47.1597606],[4.9455929,47.1597293],[4.9456812,47.1597735],[4.9458189,47.1597685],[4.9459949,47.1597332],[4.9461122,47.1597097],[4.946219,47.1597241],[4.9463463,47.1597568],[4.9463917,47.1598152],[4.946388,47.1599281],[4.9464421,47.1600078],[4.9467779,47.1600343],[4.9468347,47.160079],[4.946913,47.1601744],[4.9471191,47.1605336],[4.9473016,47.1608933],[4.947376,47.1609887],[4.9474771,47.1610622],[4.9475416,47.1611014],[4.9475399,47.1611633],[4.9472906,47.16124],[4.9471153,47.1612941],[4.9470557,47.1613891],[4.9470056,47.1614195],[4.9468533,47.1614543],[4.946694,47.1615161],[4.9465932,47.1615608],[4.9463502,47.1615945],[4.9460633,47.1616128],[4.9459227,47.1616447],[4.9455754,47.1617366],[4.945247,47.161804],[4.9451053,47.1618064],[4.9450754,47.16196],[4.9449423,47.1619838],[4.944672,47.162026],[4.9443531,47.1621388]]]}},{"type":"Feature","id":"way/410067462","properties":{"crop":"grape","landuse":"vineyard","name":"Climat de Bourgogne - Village","source":"Studio Indelebil","id":"way/410067462"},"geometry":{"type":"Polygon","coordinates":[[[4.9454286,47.1693883],[4.9453738,47.1693374],[4.9451244,47.1693283],[4.9447274,47.1694012],[4.9445772,47.1690201],[4.9443626,47.1688925],[4.9442956,47.1688086],[4.9442886,47.1687547],[4.9448964,47.1686062],[4.9450037,47.1685661],[4.9449044,47.1684512],[4.9447274,47.1683436],[4.9445075,47.1681347],[4.9456157,47.1676562],[4.945682,47.1677464],[4.9458022,47.1679083],[4.9458776,47.168032],[4.9459558,47.1681771],[4.9460503,47.168338],[4.9460944,47.1684138],[4.9460208,47.1685011],[4.9459261,47.1686061],[4.9458913,47.1686792],[4.9458283,47.1687878],[4.9457724,47.1688747],[4.9456415,47.1690139],[4.9455178,47.1691329],[4.945464,47.1692238],[4.9454631,47.1693058],[4.9454554,47.1694201],[4.9454453,47.1695224],[4.9453696,47.1696593],[4.9453281,47.1697648],[4.9453113,47.1700069],[4.9452918,47.1701214],[4.9452237,47.1703066],[4.9451365,47.1705633],[4.9450801,47.170653],[4.9445343,47.170662],[4.9444329,47.1701842],[4.9448454,47.1701525],[4.9450332,47.1702081],[4.94506,47.1701972],[4.9450238,47.1700458],[4.9448816,47.1699373],[4.9449281,47.169437],[4.9454286,47.1693883]]]}},{"type":"Feature","id":"way/410067463","properties":{"crop":"grape","landuse":"vineyard","name":"Climat de Bourgogne - Village","source":"Studio Indelebil","id":"way/410067463"},"geometry":{"type":"Polygon","coordinates":[[[4.9438692,47.1655109],[4.9443504,47.1654194],[4.9446542,47.1654304],[4.9450902,47.1653961],[4.9450566,47.1656627],[4.9446019,47.1656167],[4.943942,47.1655634],[4.943831,47.1655437],[4.9438692,47.1655109]]]}},{"type":"Feature","id":"way/410224250","properties":{"crop":"grape","landuse":"vineyard","name":"Climat de Bourgogne - Premier Cru - Les Chaumes","source":"Studio Indelebil","id":"way/410224250"},"geometry":{"type":"Polygon","coordinates":[[[4.9506092,47.1566318],[4.9511754,47.1564985],[4.9512169,47.156557],[4.952425,47.156308],[4.9526045,47.156262],[4.9531133,47.1561727],[4.9532541,47.1561462],[4.9533411,47.1562629],[4.9534986,47.1564779],[4.9536314,47.1566637],[4.9538235,47.1567464],[4.9540412,47.1568824],[4.9542403,47.1570483],[4.9544758,47.1572404],[4.9546941,47.1575027],[4.9547218,47.1576124],[4.9547069,47.1578517],[4.9546738,47.1582392],[4.9545643,47.1583673],[4.9533574,47.158541],[4.9533711,47.1585918],[4.9531402,47.1586334],[4.9532016,47.1588043],[4.9529827,47.158851],[4.9529924,47.1590093],[4.9528202,47.1590391],[4.9527944,47.1589805],[4.952513,47.159039],[4.9525476,47.1591244],[4.9522999,47.1591367],[4.9522235,47.159095],[4.9521155,47.158941],[4.9519342,47.1588312],[4.9517576,47.1587429],[4.951498,47.1586452],[4.9513222,47.1585756],[4.9511998,47.1584595],[4.9511341,47.1582779],[4.9510978,47.1580394],[4.951074,47.1578195],[4.9509465,47.1574562],[4.950778,47.157048],[4.9506856,47.1567836],[4.9506092,47.1566318]]]}},{"type":"Feature","id":"way/410224252","properties":{"crop":"grape","landuse":"vineyard","name":"Climat de Bourgogne - Premier Cru","source":"Studio Indelebil","id":"way/410224252"},"geometry":{"type":"Polygon","coordinates":[[[4.9460669,47.1593637],[4.9462716,47.1593262],[4.9471102,47.1592622],[4.9470668,47.1595327],[4.9470108,47.159545],[4.9470238,47.1597327],[4.9469272,47.1597141],[4.9469608,47.1599063],[4.9468523,47.1599376],[4.9465556,47.1598225],[4.9462948,47.1595979],[4.946297,47.1595684],[4.9460669,47.1593637]]]}},{"type":"Feature","id":"way/410224253","properties":{"crop":"grape","landuse":"vineyard","name":"Climat de Bourgogne - Premier Cru","source":"Studio Indelebil","id":"way/410224253"},"geometry":{"type":"Polygon","coordinates":[[[4.9459769,47.1593562],[4.9459221,47.1592211],[4.9460732,47.1591709],[4.9461423,47.1591413],[4.9462094,47.1591065],[4.9463341,47.1590592],[4.9460928,47.1580685],[4.9471243,47.1579283],[4.9471653,47.1580126],[4.9469534,47.158049],[4.9469808,47.1581356],[4.9470178,47.1581507],[4.9470466,47.1582476],[4.9470142,47.1582708],[4.9470745,47.1586484],[4.9473006,47.1586514],[4.9474497,47.1591861],[4.9476152,47.1591652],[4.9476196,47.1592473],[4.9471456,47.1592321],[4.9462312,47.1593111],[4.9459769,47.1593562]]]}},{"type":"Feature","id":"way/410224254","properties":{"crop":"grape","landuse":"vineyard","name":"Climat de Bourgogne - Premier Cru","source":"Studio Indelebil","id":"way/410224254"},"geometry":{"type":"Polygon","coordinates":[[[4.9533083,47.1560171],[4.9533758,47.1558434],[4.9547977,47.1556339],[4.9555528,47.1555063],[4.9556347,47.1555691],[4.955712,47.1556468],[4.9556937,47.1557797],[4.9556718,47.1558992],[4.9554451,47.1564014],[4.9553136,47.1564619],[4.9552134,47.1566863],[4.9553295,47.1567126],[4.9550224,47.1573595],[4.9548285,47.1573723],[4.9547586,47.1573319],[4.9546986,47.1572544],[4.9546013,47.1572144],[4.9542465,47.1568797],[4.9540299,47.1567395],[4.9537613,47.1565853],[4.9536719,47.1564857],[4.9535273,47.1562616],[4.9533083,47.1560171]]]}},{"type":"Feature","id":"way/410224255","properties":{"crop":"grape","landuse":"vineyard","name":"Climat de Bourgogne - Premier Cru","source":"Studio Indelebil","id":"way/410224255"},"geometry":{"type":"Polygon","coordinates":[[[4.9470271,47.1575293],[4.9474439,47.1574473],[4.9474757,47.1574641],[4.9477928,47.1573659],[4.948139,47.157309],[4.9505675,47.1568231],[4.9509223,47.1577103],[4.9509978,47.1579584],[4.9510623,47.1582679],[4.9510978,47.1584191],[4.951224,47.1586006],[4.9513034,47.1586809],[4.9513934,47.1586884],[4.9515075,47.1587182],[4.9518593,47.1588845],[4.9499513,47.1590621],[4.9498637,47.1587575],[4.9492275,47.1588091],[4.9492031,47.1587778],[4.947429,47.1589824],[4.947333,47.1586281],[4.9470935,47.1586231],[4.9470745,47.158467],[4.9470542,47.1582724],[4.947087,47.1582628],[4.947036,47.1580483],[4.9472609,47.1580173],[4.9470271,47.1575293]]]}},{"type":"Feature","id":"way/410224256","properties":{"crop":"grape","landuse":"vineyard","name":"Climat de Bourgogne - Premier Cru","source":"Studio Indelebil","id":"way/410224256"},"geometry":{"type":"Polygon","coordinates":[[[4.94746,47.1590114],[4.9491843,47.1588098],[4.9492445,47.1589464],[4.9474819,47.1591561],[4.94746,47.1590114]]]}},{"type":"Feature","id":"way/410224257","properties":{"crop":"grape","landuse":"vineyard","name":"Climat de Bourgogne - Village","source":"Studio Indelebil","id":"way/410224257"},"geometry":{"type":"Polygon","coordinates":[[[4.9438302,47.158819],[4.9437976,47.158747],[4.9437177,47.1585602],[4.943682,47.1584021],[4.944083,47.1583704],[4.9440521,47.1583414],[4.9437977,47.1582936],[4.9437825,47.1582394],[4.9437467,47.1581697],[4.9441044,47.1581342],[4.9446963,47.1580894],[4.9448393,47.1581314],[4.9453281,47.1580663],[4.9453701,47.1579719],[4.9452881,47.1578284],[4.9452475,47.1578202],[4.9452266,47.1577327],[4.9455341,47.1576758],[4.9464749,47.1575049],[4.9465484,47.157619],[4.946726,47.1575684],[4.946974,47.1575324],[4.9471217,47.1578999],[4.9469297,47.1579256],[4.9460199,47.1580458],[4.9462676,47.1590486],[4.9461061,47.1590706],[4.9460539,47.1590987],[4.9460292,47.1591513],[4.9459277,47.1591915],[4.9459063,47.1591511],[4.9458275,47.1591796],[4.945714,47.159075],[4.9456216,47.1590017],[4.9455012,47.1589811],[4.9452006,47.1592152],[4.9446228,47.1592272],[4.9445878,47.1588152],[4.9445439,47.1587956],[4.9442443,47.1587825],[4.9440219,47.1587908],[4.9439514,47.1587716],[4.9438302,47.158819]]]}},{"type":"Feature","id":"way/410237543","properties":{"crop":"grape","landuse":"vineyard","name":"Climat de Bourgogne - Village","source":"Studio Indelebil","id":"way/410237543"},"geometry":{"type":"Polygon","coordinates":[[[4.9561263,47.1597994],[4.9560785,47.1597675],[4.9559896,47.1592937],[4.9558188,47.1593233],[4.9557436,47.1590614],[4.9562903,47.1589953],[4.9562903,47.1589224],[4.9561468,47.1585921],[4.9561741,47.158583],[4.9563313,47.1588518],[4.9564748,47.1597493],[4.9561263,47.1597994]]]}},{"type":"Feature","id":"way/410237548","properties":{"crop":"grape","landuse":"vineyard","name":"Climat de Bourgogne - Village","source":"Studio Indelebil","id":"way/410237548"},"geometry":{"type":"Polygon","coordinates":[[[4.9561081,47.1642438],[4.9560671,47.1641299],[4.9560443,47.163934],[4.956509,47.1638429],[4.9563586,47.1634511],[4.9559349,47.1634921],[4.9557322,47.1632119],[4.9572676,47.1630615],[4.9574111,47.163934],[4.9574521,47.1640388],[4.9562539,47.164262],[4.9561081,47.1642438]]]}},{"type":"Feature","id":"way/410237552","properties":{"crop":"grape","landuse":"vineyard","name":"Climat de Bourgogne - Village","source":"Studio Indelebil","id":"way/410237552"},"geometry":{"type":"Polygon","coordinates":[[[4.9483816,47.1506618],[4.9511221,47.1499078],[4.9512542,47.1500581],[4.9513749,47.1501743],[4.951589,47.1503702],[4.951867,47.1506254],[4.9511927,47.150762],[4.9488236,47.151245],[4.9486869,47.1512404],[4.9486231,47.1511857],[4.9485229,47.1509898],[4.9484613,47.1508486],[4.9483816,47.1506618]]]}},{"type":"Feature","id":"way/410237557","properties":{"crop":"grape","landuse":"vineyard","name":"Climat de Bourgogne - Village","source":"Studio Indelebil","id":"way/410237557"},"geometry":{"type":"Polygon","coordinates":[[[4.9549764,47.1482585],[4.9559788,47.1480239],[4.9568171,47.1501561],[4.9556006,47.1503862],[4.9555391,47.1503839],[4.9554867,47.1503338],[4.9550789,47.1496071],[4.955006,47.1494362],[4.9549833,47.149295],[4.9549423,47.1489374],[4.9549331,47.1487847],[4.9549559,47.1484362],[4.9549764,47.1482585]]]}},{"type":"Feature","id":"way/410237561","properties":{"crop":"grape","landuse":"vineyard","name":"Climat de Bourgogne - Village","source":"Studio Indelebil","id":"way/410237561"},"geometry":{"type":"Polygon","coordinates":[[[4.9557527,47.1630365],[4.9565546,47.1629545],[4.95655,47.1628542],[4.9566958,47.1628041],[4.9567095,47.1625809],[4.9567413,47.1624943],[4.9567368,47.1623303],[4.9573017,47.1622711],[4.9572972,47.1623941],[4.9572607,47.1625125],[4.9572152,47.162754],[4.9572698,47.1630365],[4.9557208,47.1631868],[4.9557527,47.1630365]]]}},{"type":"Feature","id":"way/410237566","properties":{"crop":"grape","landuse":"vineyard","name":"Climat de Bourgogne - Village","source":"Studio Indelebil","id":"way/410237566"},"geometry":{"type":"Polygon","coordinates":[[[4.9554383,47.1603029],[4.9561354,47.1602072],[4.9562539,47.1602505],[4.9564657,47.1602209],[4.9565249,47.1602505],[4.9565933,47.1608268],[4.956452,47.1608382],[4.9564338,47.1607676],[4.9561422,47.1608109],[4.9561787,47.1610045],[4.9558689,47.1610296],[4.955657,47.1610614],[4.9554771,47.1610159],[4.9554064,47.1604441],[4.9554383,47.1603029]]]}},{"type":"Feature","id":"way/410237571","properties":{"crop":"grape","landuse":"vineyard","name":"Climat de Bourgogne - Village","source":"Studio Indelebil","id":"way/410237571"},"geometry":{"type":"Polygon","coordinates":[[[4.957222,47.1671554],[4.9572562,47.1671394],[4.9578986,47.1673581],[4.9585,47.167554],[4.9594271,47.1678023],[4.9595,47.1678228],[4.9588622,47.1679253],[4.9584453,47.1679709],[4.9577414,47.1680597],[4.957566,47.168119],[4.9574817,47.1677226],[4.957427,47.1675973],[4.9573815,47.1675586],[4.9573359,47.1674697],[4.957222,47.1671554]]]}},{"type":"Feature","id":"way/410237574","properties":{"crop":"grape","landuse":"vineyard","name":"Climat de Bourgogne - Village","source":"Studio Indelebil","id":"way/410237574"},"geometry":{"type":"Polygon","coordinates":[[[4.9583952,47.167472],[4.9587619,47.1673627],[4.9587619,47.1673194],[4.9589738,47.1672738],[4.9590262,47.1673741],[4.9597301,47.1672123],[4.9597346,47.1671804],[4.9597802,47.1671599],[4.9597597,47.1670506],[4.959844,47.1670301],[4.960008,47.1670939],[4.9602153,47.167734],[4.9596777,47.1678046],[4.9595615,47.1677932],[4.9583952,47.167472]]]}},{"type":"Feature","id":"way/410237579","properties":{"crop":"grape","landuse":"vineyard","name":"Climat de Bourgogne - Village","source":"Studio Indelebil","id":"way/410237579"},"geometry":{"type":"Polygon","coordinates":[[[4.955612,47.1504294],[4.9568444,47.150213],[4.9569401,47.1504659],[4.9571907,47.1510923],[4.9573889,47.1516505],[4.9556667,47.1519124],[4.9557054,47.1516755],[4.9557533,47.151516],[4.9558284,47.1513794],[4.9558786,47.1512632],[4.9559104,47.1511311],[4.9558968,47.1510194],[4.9558581,47.1508554],[4.9557852,47.1507096],[4.9556234,47.1504909],[4.9556029,47.1504613],[4.955612,47.1504294]]]}},{"type":"Feature","id":"way/410237583","properties":{"crop":"grape","landuse":"vineyard","name":"Climat de Bourgogne - Village","source":"Studio Indelebil","id":"way/410237583"},"geometry":{"type":"Polygon","coordinates":[[[4.9565295,47.1598063],[4.9580148,47.1595899],[4.9580945,47.1599224],[4.959557,47.1597288],[4.9596731,47.1600386],[4.959457,47.160275],[4.9588143,47.160394],[4.9588553,47.1605261],[4.9580763,47.1606514],[4.9581059,47.1607607],[4.9569509,47.1609384],[4.9569145,47.1608564],[4.9568029,47.1608701],[4.9566935,47.1605648],[4.9566457,47.1601981],[4.9566047,47.1599999],[4.9565295,47.1598063]]]}},{"type":"Feature","id":"way/410237587","properties":{"crop":"grape","landuse":"vineyard","name":"Climat de Bourgogne - Village","source":"Studio Indelebil","id":"way/410237587"},"geometry":{"type":"Polygon","coordinates":[[[4.96009,47.1670984],[4.9602586,47.1670939],[4.9607506,47.1670346],[4.96086,47.1670096],[4.9619648,47.1668228],[4.9620104,47.1667841],[4.9627416,47.1666998],[4.9627758,47.1669025],[4.9628008,47.1671463],[4.9627576,47.1675654],[4.9620195,47.1676087],[4.9616322,47.167636],[4.9611014,47.167693],[4.9604477,47.1677272],[4.9602791,47.1677203],[4.9602472,47.1676133],[4.9600946,47.1671508],[4.96009,47.1670984]]]}},{"type":"Feature","id":"way/410237590","properties":{"crop":"grape","landuse":"vineyard","name":"Climat de Bourgogne - Village","source":"Studio Indelebil","id":"way/410237590"},"geometry":{"type":"Polygon","coordinates":[[[4.9550556,47.1585192],[4.955001,47.158321],[4.9558917,47.1581707],[4.9558575,47.1580294],[4.955632,47.1579588],[4.955591,47.1578107],[4.9560238,47.1576968],[4.9559349,47.157485],[4.9594294,47.1568358],[4.9598144,47.1578085],[4.9598941,47.158018],[4.9588849,47.1582003],[4.9588394,47.1582185],[4.9575637,47.158378],[4.956222,47.158542],[4.9559144,47.1585784],[4.9558962,47.1583757],[4.9550556,47.1585192]]]}},{"type":"Feature","id":"way/410237593","properties":{"crop":"grape","landuse":"vineyard","name":"Climat de Bourgogne - Village","source":"Studio Indelebil","id":"way/410237593"},"geometry":{"type":"Polygon","coordinates":[[[4.9552327,47.1537829],[4.9564697,47.1536599],[4.9564879,47.1536167],[4.9570438,47.1535734],[4.9570984,47.1538012],[4.9572397,47.1538171],[4.957267,47.1539902],[4.9567613,47.154054],[4.9567681,47.1541315],[4.956128,47.1542272],[4.9549184,47.1543365],[4.9548705,47.1542727],[4.9548728,47.1541975],[4.9549024,47.1541315],[4.9549685,47.1540723],[4.9551029,47.153988],[4.9551781,47.1538946],[4.9552054,47.1538262],[4.9552327,47.1537829]]]}},{"type":"Feature","id":"way/410237596","properties":{"crop":"grape","landuse":"vineyard","name":"Climat de Bourgogne - Village","source":"Studio Indelebil","id":"way/410237596"},"geometry":{"type":"Polygon","coordinates":[[[4.9557276,47.1519398],[4.9574088,47.1516755],[4.9575318,47.1520309],[4.9577915,47.1528418],[4.9578371,47.1528783],[4.958115,47.1534888],[4.9571309,47.1536528],[4.9571132,47.1536465],[4.957099,47.1535418],[4.9564617,47.153593],[4.9564389,47.153626],[4.9552436,47.1537496],[4.9554064,47.1533914],[4.9555169,47.1530247],[4.9555465,47.1528515],[4.9556382,47.1523532],[4.9556525,47.1520417],[4.9556696,47.1519449],[4.9557276,47.1519398]]]}},{"type":"Feature","id":"way/410237599","properties":{"crop":"grape","landuse":"vineyard","name":"Climat de Bourgogne - Village","source":"Studio Indelebil","id":"way/410237599"},"geometry":{"type":"Polygon","coordinates":[[[4.956804,47.1661827],[4.9567448,47.1661189],[4.956681,47.1658592],[4.9566354,47.1657271],[4.9564669,47.1655631],[4.9562892,47.16544],[4.9562117,47.1652943],[4.956116,47.1650072],[4.9560887,47.1648341],[4.9561069,47.1645835],[4.9575238,47.1643694],[4.9576514,47.1645881],[4.9579157,47.1648523],[4.9579703,47.1649526],[4.9580797,47.1653763],[4.9580933,47.1654856],[4.9582801,47.1658592],[4.9579202,47.1659093],[4.9574737,47.1660004],[4.956804,47.1661827]]]}},{"type":"Feature","id":"way/410237601","properties":{"crop":"grape","landuse":"vineyard","name":"Climat de Bourgogne - Village","source":"Studio Indelebil","id":"way/410237601"},"geometry":{"type":"Polygon","coordinates":[[[4.9561946,47.1563847],[4.9578963,47.1560407],[4.9579829,47.1562207],[4.9586298,47.1560863],[4.9587916,47.1564348],[4.9592449,47.1563528],[4.9592677,47.1564622],[4.9586435,47.1565601],[4.9587414,47.1568198],[4.9558188,47.1573916],[4.9557914,47.1571934],[4.9565227,47.1570203],[4.9564976,47.1569428],[4.956099,47.157002],[4.9560739,47.1569314],[4.9559691,47.1569178],[4.9558894,47.1566307],[4.9564019,47.1565282],[4.9563769,47.156469],[4.9562106,47.1564941],[4.9561946,47.1563847]]]}},{"type":"Feature","id":"way/410237604","properties":{"crop":"grape","landuse":"vineyard","name":"Climat de Bourgogne - Village","source":"Studio Indelebil","id":"way/410237604"},"geometry":{"type":"Polygon","coordinates":[[[4.9508077,47.1493633],[4.9518328,47.1490945],[4.9517713,47.1492586],[4.9517576,47.1494203],[4.9517804,47.1495274],[4.9518442,47.149705],[4.9520834,47.1501288],[4.9522314,47.1503406],[4.9523977,47.1505433],[4.9525891,47.1507871],[4.9526551,47.1509488],[4.9523955,47.1509625],[4.9521745,47.1509511],[4.9521289,47.1508873],[4.9520902,47.1507689],[4.9520241,47.15068],[4.9518738,47.1505251],[4.9515389,47.1502449],[4.9512747,47.1499442],[4.9511084,47.1497392],[4.9508077,47.1493633]]]}},{"type":"Feature","id":"way/410237607","properties":{"crop":"grape","landuse":"vineyard","name":"Climat de Bourgogne - Village","source":"Studio Indelebil","id":"way/410237607"},"geometry":{"type":"Polygon","coordinates":[[[4.9589282,47.1605193],[4.9589077,47.1604099],[4.9594684,47.1603],[4.9594772,47.1602983],[4.959721,47.1600363],[4.9595843,47.1596969],[4.9581287,47.1598997],[4.958058,47.1595876],[4.9593907,47.1594031],[4.9591196,47.1587812],[4.9589829,47.1582641],[4.9589363,47.1582645],[4.958926,47.1582185],[4.9599009,47.1580522],[4.960008,47.1582959],[4.960188,47.15869],[4.9604841,47.1592003],[4.9607051,47.159517],[4.9610536,47.1600546],[4.9611402,47.1601935],[4.9589282,47.1605193]]]}},{"type":"Feature","id":"way/410237611","properties":{"crop":"grape","landuse":"vineyard","name":"Climat de Bourgogne - Village","source":"Studio Indelebil","id":"way/410237611"},"geometry":{"type":"Polygon","coordinates":[[[4.9441855,47.1558898],[4.9441673,47.1557258],[4.9438575,47.1556985],[4.9437094,47.1556757],[4.9436388,47.1552383],[4.9438006,47.1546187],[4.9443928,47.1545595],[4.9443427,47.1544547],[4.9444316,47.1543544],[4.944525,47.154318],[4.9447414,47.1542838],[4.9448689,47.1542702],[4.9448667,47.1544752],[4.9448439,47.1545663],[4.9447938,47.1547508],[4.9447596,47.1549536],[4.9447596,47.1551335],[4.9447778,47.1552998],[4.944771,47.1554046],[4.944689,47.1556096],[4.9445865,47.1558898],[4.9441855,47.1558898]]]}},{"type":"Feature","id":"way/410237614","properties":{"crop":"grape","landuse":"vineyard","name":"Climat de Bourgogne - Village","source":"Studio Indelebil","id":"way/410237614"},"geometry":{"type":"Polygon","coordinates":[[[4.9492495,47.1529307],[4.9490673,47.1525981],[4.9489853,47.1524386],[4.9489534,47.1522655],[4.9489853,47.1520878],[4.9489898,47.1518965],[4.9489397,47.151696],[4.9488122,47.1514819],[4.9487438,47.1513771],[4.9487712,47.1513179],[4.9518419,47.150721],[4.9519421,47.1507074],[4.9520014,47.1507711],[4.9520651,47.1509078],[4.9520606,47.1510901],[4.9520287,47.1512905],[4.9519604,47.1515821],[4.9518328,47.1520742],[4.9517736,47.1526254],[4.9505708,47.1527803],[4.9505207,47.152712],[4.9492495,47.1529307]]]}},{"type":"Feature","id":"way/410237617","properties":{"crop":"grape","landuse":"vineyard","name":"Climat de Bourgogne - Village","source":"Studio Indelebil","id":"way/410237617"},"geometry":{"type":"Polygon","coordinates":[[[4.9591059,47.1662897],[4.9595091,47.1661667],[4.9598804,47.1660346],[4.9601971,47.1659412],[4.9607643,47.165702],[4.9614113,47.1654856],[4.9620377,47.1653284],[4.9625525,47.1663854],[4.9626414,47.1665859],[4.9626847,47.1666656],[4.9619739,47.1667545],[4.9619466,47.1667909],[4.9606732,47.1670096],[4.9601606,47.1670597],[4.9600376,47.1670438],[4.9597324,47.1669002],[4.9596731,47.1668547],[4.9595661,47.1666929],[4.9595091,47.1665859],[4.9594157,47.166538],[4.959238,47.1664674],[4.9591059,47.1662897]]]}},{"type":"Feature","id":"way/410237620","properties":{"crop":"grape","landuse":"vineyard","name":"Climat de Bourgogne - Village","source":"Studio Indelebil","id":"way/410237620"},"geometry":{"type":"Polygon","coordinates":[[[4.9580125,47.1648406],[4.9586366,47.1647222],[4.9586321,47.1645764],[4.9587505,47.1645354],[4.9587824,47.1644807],[4.9589328,47.1644716],[4.9589875,47.1645627],[4.9590467,47.1645627],[4.9590922,47.1646174],[4.9595615,47.1645627],[4.9602677,47.1644033],[4.9608509,47.164262],[4.9615343,47.1641436],[4.9617074,47.1645354],[4.9613566,47.1646675],[4.9611014,47.1647814],[4.9601994,47.1650138],[4.9591925,47.1652689],[4.9586731,47.1653691],[4.9582813,47.1653919],[4.9581492,47.1653555],[4.9580717,47.1650092],[4.9580125,47.1648406]]]}},{"type":"Feature","id":"way/410237623","properties":{"crop":"grape","landuse":"vineyard","name":"Climat de Bourgogne - Village","source":"Studio Indelebil","id":"way/410237623"},"geometry":{"type":"Polygon","coordinates":[[[4.9519444,47.149074],[4.9531973,47.1487984],[4.9538648,47.1486503],[4.9539012,47.1487255],[4.9548739,47.1484726],[4.9548511,47.1488212],[4.954883,47.1492289],[4.95494,47.1495091],[4.9550812,47.1497916],[4.9554708,47.1503907],[4.9540288,47.1507096],[4.9527531,47.1509625],[4.9527167,47.1509169],[4.9526643,47.1507985],[4.9525914,47.1507051],[4.9523636,47.1504249],[4.952179,47.1501424],[4.9519444,47.1497255],[4.9518806,47.1495661],[4.951851,47.1494408],[4.9518419,47.1493383],[4.9518738,47.1492312],[4.9519444,47.149074]]]}},{"type":"Feature","id":"way/410237626","properties":{"crop":"grape","landuse":"vineyard","name":"Climat de Bourgogne - Village","source":"Studio Indelebil","id":"way/410237626"},"geometry":{"type":"Polygon","coordinates":[[[4.9566366,47.1561455],[4.9567892,47.1561136],[4.9566821,47.1557901],[4.9568598,47.1557309],[4.9567573,47.1555008],[4.9574225,47.1553687],[4.9574453,47.1553983],[4.9582448,47.155248],[4.9582858,47.1553482],[4.9587893,47.1552617],[4.9588895,47.1555191],[4.9584066,47.1555828],[4.9583929,47.1555532],[4.9583109,47.1555806],[4.9583473,47.155715],[4.9579282,47.1557788],[4.9579988,47.155961],[4.9590239,47.1558015],[4.9591014,47.1559997],[4.9586868,47.1560612],[4.9586503,47.1560498],[4.9580079,47.1561797],[4.9579487,47.1560111],[4.9566593,47.1562571],[4.9566366,47.1561455]]]}},{"type":"Feature","id":"way/410237629","properties":{"crop":"grape","landuse":"vineyard","name":"Climat de Bourgogne - Village","source":"Studio Indelebil","id":"way/410237629"},"geometry":{"type":"Polygon","coordinates":[[[4.9433404,47.1526915],[4.944648,47.152204],[4.9447778,47.1524181],[4.9449077,47.1526892],[4.9450102,47.152974],[4.9450535,47.1530332],[4.9450717,47.1532428],[4.9450466,47.1535503],[4.9450307,47.1537166],[4.9449601,47.1539808],[4.9443792,47.1540834],[4.9442584,47.1539239],[4.9445067,47.1538214],[4.9442903,47.1535093],[4.9444475,47.1534546],[4.944607,47.1536756],[4.9446821,47.1536414],[4.9443769,47.153138],[4.9439828,47.1532633],[4.9438461,47.1530674],[4.9436707,47.1531175],[4.9436069,47.1530173],[4.943452,47.1528601],[4.9433404,47.1527234],[4.9433404,47.1526915]]]}},{"type":"Feature","id":"way/410237632","properties":{"crop":"grape","landuse":"vineyard","name":"Climat de Bourgogne - Village","source":"Studio Indelebil","id":"way/410237632"},"geometry":{"type":"Polygon","coordinates":[[[4.949778,47.1545845],[4.9497348,47.154605],[4.9497416,47.1544114],[4.9497803,47.1544],[4.949794,47.1542109],[4.9497689,47.1542155],[4.9497621,47.1541585],[4.9497256,47.1539398],[4.94963,47.1537462],[4.9495514,47.1535731],[4.949491,47.1533453],[4.949409,47.1531608],[4.9492689,47.1529455],[4.9505093,47.1527325],[4.9505332,47.1527929],[4.9512724,47.1527074],[4.9512872,47.1527348],[4.9517736,47.1526756],[4.9518055,47.1527667],[4.9519285,47.1530081],[4.9522292,47.1537052],[4.9523112,47.1539057],[4.9523066,47.1541198],[4.9510856,47.1543339],[4.949778,47.1545845]]]}},{"type":"Feature","id":"way/410237636","properties":{"crop":"grape","landuse":"vineyard","name":"Climat de Bourgogne - Village","source":"Studio Indelebil","id":"way/410237636"},"geometry":{"type":"Polygon","coordinates":[[[4.9579806,47.1648042],[4.957902,47.1647031],[4.9577858,47.1645881],[4.9576992,47.1644901],[4.9576309,47.1643751],[4.9575853,47.1642418],[4.9575284,47.1639742],[4.9573496,47.1630299],[4.9587745,47.1628613],[4.9588291,47.1631575],[4.9587392,47.1632851],[4.9586799,47.1634001],[4.9586628,47.1634821],[4.9586788,47.1635903],[4.9587209,47.1636757],[4.9587597,47.1637384],[4.9588086,47.1639104],[4.958787,47.1640152],[4.95873,47.1641689],[4.9587061,47.164366],[4.9587255,47.1644878],[4.9587141,47.164522],[4.9586093,47.1645448],[4.9585786,47.1645664],[4.9585991,47.1646917],[4.9579806,47.1648042]]]}},{"type":"Feature","id":"way/410237639","properties":{"crop":"grape","landuse":"vineyard","name":"Climat de Bourgogne - Village","source":"Studio Indelebil","id":"way/410237639"},"geometry":{"type":"Polygon","coordinates":[[[4.9581332,47.1654332],[4.9581719,47.1654264],[4.9582676,47.1654492],[4.9585706,47.1654355],[4.9589829,47.1653694],[4.9594772,47.1652555],[4.9601105,47.1650961],[4.9609238,47.1648797],[4.9609557,47.1648842],[4.9612951,47.1647817],[4.9613338,47.1647544],[4.9614363,47.1646997],[4.9617279,47.1645995],[4.9620491,47.1652692],[4.9613429,47.1654674],[4.9608919,47.1656246],[4.9603998,47.1658068],[4.9601538,47.1659184],[4.9598622,47.1659936],[4.959664,47.1660574],[4.9594134,47.1661599],[4.9590421,47.1662396],[4.9591173,47.1664036],[4.9586936,47.1665016],[4.9584271,47.1659139],[4.9583542,47.1658774],[4.9581378,47.1654833],[4.9581332,47.1654332]]]}},{"type":"Feature","id":"way/410237642","properties":{"crop":"grape","landuse":"vineyard","name":"Climat de Bourgogne - Village","source":"Studio Indelebil","id":"way/410237642"},"geometry":{"type":"Polygon","coordinates":[[[4.9583621,47.1674447],[4.9583177,47.1674527],[4.9578393,47.1672841],[4.9574042,47.1671303],[4.9572938,47.1670779],[4.9572391,47.1670267],[4.957189,47.1669196],[4.9570284,47.1665973],[4.956878,47.1663934],[4.9567915,47.16621],[4.9578245,47.1659537],[4.9579669,47.165931],[4.9582346,47.165923],[4.9583758,47.1659366],[4.9586583,47.166538],[4.9591458,47.1664697],[4.9592005,47.1665107],[4.9592688,47.1665426],[4.9593827,47.1665927],[4.9594601,47.1666428],[4.9595422,47.1667841],[4.959615,47.1669116],[4.9597289,47.1669617],[4.959811,47.1669936],[4.9597289,47.1670255],[4.9597153,47.1671531],[4.9590683,47.1673217],[4.9590091,47.1672032],[4.9587175,47.1672807],[4.9586993,47.1673308],[4.9583621,47.1674447]]]}},{"type":"Feature","id":"way/410237645","properties":{"crop":"grape","landuse":"vineyard","name":"Climat de Bourgogne - Village","source":"Studio Indelebil","id":"way/410237645"},"geometry":{"type":"Polygon","coordinates":[[[4.9523203,47.1541494],[4.9522884,47.1542428],[4.9522314,47.154498],[4.9522087,47.1546324],[4.9522223,47.1548465],[4.9522679,47.1549946],[4.9523841,47.1552702],[4.9524775,47.1554114],[4.9525982,47.1555344],[4.9527167,47.1556392],[4.9528351,47.1557395],[4.9529809,47.1558716],[4.9532155,47.1561222],[4.9526187,47.1562338],[4.9524182,47.1562839],[4.9512382,47.1565277],[4.9511949,47.1564775],[4.9505822,47.1566119],[4.9502815,47.1561495],[4.9501402,47.155908],[4.9501288,47.1558625],[4.9500605,47.1557395],[4.9500127,47.1556142],[4.9500036,47.1555367],[4.949942,47.1553613],[4.9498714,47.1551335],[4.9498327,47.1550424],[4.9497871,47.1549444],[4.9497461,47.1548465],[4.949753,47.1546483],[4.949778,47.1546141],[4.9523203,47.1541494]]]}},{"type":"Feature","id":"way/410237649","properties":{"crop":"grape","landuse":"vineyard","name":"Climat de Bourgogne - Village","source":"Studio Indelebil","id":"way/410237649"},"geometry":{"type":"Polygon","coordinates":[[[4.9581195,47.1606651],[4.9590148,47.1605352],[4.9611447,47.1602254],[4.9612336,47.1605056],[4.9612905,47.1608473],[4.9612655,47.1612141],[4.9612404,47.1614054],[4.9611242,47.1617904],[4.960557,47.1618792],[4.9604887,47.1616651],[4.9598599,47.1617448],[4.9598554,47.1616833],[4.9602426,47.1616082],[4.9602107,47.1615512],[4.9598645,47.1615899],[4.9598736,47.1615467],[4.9599237,47.161517],[4.9599214,47.1614874],[4.9599032,47.1614555],[4.9597916,47.1614669],[4.9597825,47.1614214],[4.9590558,47.1615079],[4.9588439,47.161353],[4.9593884,47.1612437],[4.9593588,47.1611298],[4.9588986,47.1611958],[4.9586184,47.1612733],[4.9583838,47.1611184],[4.9583154,47.1611024],[4.9581856,47.1607904],[4.958156,47.1607653],[4.9581195,47.1606651]]]}},{"type":"Feature","id":"way/410237653","properties":{"crop":"grape","landuse":"vineyard","name":"Climat de Bourgogne - Village","source":"Studio Indelebil","id":"way/410237653"},"geometry":{"type":"Polygon","coordinates":[[[4.9431263,47.1581359],[4.9432743,47.157858],[4.943247,47.1578216],[4.9431741,47.1578102],[4.9432151,47.1576006],[4.9432424,47.1575915],[4.9432948,47.1573022],[4.9433882,47.1571541],[4.9435796,47.1571564],[4.9436024,47.1567076],[4.9436844,47.1564867],[4.9437709,47.156211],[4.9444794,47.1562087],[4.9445204,47.1562383],[4.9444748,47.1565185],[4.9443814,47.1565595],[4.9443268,47.1566803],[4.9443199,47.1567509],[4.9443177,47.1567805],[4.9440671,47.1571541],[4.9440329,47.1572429],[4.9438621,47.1576598],[4.9437801,47.1578056],[4.9437117,47.1578557],[4.9436183,47.157858],[4.9435454,47.1578626],[4.9435181,47.1579514],[4.943493,47.1580015],[4.9433837,47.1581177],[4.9433153,47.158145],[4.943206,47.1581496],[4.9431263,47.1581359]]]}},{"type":"Feature","id":"way/410237656","properties":{"crop":"grape","landuse":"vineyard","name":"Climat de Bourgogne - Village","source":"Studio Indelebil","id":"way/410237656"},"geometry":{"type":"Polygon","coordinates":[[[4.9561422,47.1598382],[4.9564703,47.1597994],[4.9564908,47.1599293],[4.9561422,47.1599634],[4.9561422,47.1598382]]]}},{"type":"Feature","id":"way/410237658","properties":{"crop":"grape","landuse":"vineyard","name":"Climat de Bourgogne - Village","source":"Studio Indelebil","id":"way/410237658"},"geometry":{"type":"Polygon","coordinates":[[[4.9520532,47.151583],[4.9524587,47.1514326],[4.9524724,47.1517515],[4.9531239,47.1516376],[4.9530846,47.1515289],[4.9534662,47.1514856],[4.953506,47.1515471],[4.9536176,47.1515437],[4.953899,47.151497],[4.9542464,47.1524298],[4.9545744,47.1533718],[4.9553375,47.1533683],[4.9553091,47.1534743],[4.9550813,47.1538593],[4.9549423,47.1539845],[4.9548831,47.1540016],[4.9548045,47.1540119],[4.9547703,47.1542625],[4.9548045,47.1542944],[4.9548409,47.1543502],[4.9548717,47.1544481],[4.954915,47.1545108],[4.9553728,47.1547853],[4.9555539,47.1550279],[4.9557282,47.1554288],[4.9530755,47.1558445],[4.9526643,47.1554789],[4.9525117,47.155316],[4.9524616,47.1552113],[4.9523579,47.1549265],[4.9523135,47.1547021],[4.9523123,47.1545973],[4.9523534,47.1543604],[4.9523875,47.154218],[4.9524228,47.1541918],[4.9525139,47.1541896],[4.9525094,47.1539766],[4.95249,47.1538661],[4.9524661,47.1538558],[4.9523841,47.1538695],[4.9522691,47.1536246],[4.9520276,47.153079],[4.9518784,47.1527237],[4.9518533,47.1526132],[4.9518465,47.1524788],[4.9518499,47.1523991],[4.9518921,47.1522271],[4.9520082,47.1517122],[4.9520299,47.151612],[4.9520532,47.151583]]]}},{"type":"Feature","id":"way/410237664","properties":{"crop":"grape","landuse":"vineyard","name":"Climat de Bourgogne - Village","source":"Studio Indelebil","id":"way/410237664"},"geometry":{"type":"Polygon","coordinates":[[[4.9587904,47.1644491],[4.9587904,47.1644172],[4.958795,47.1643364],[4.9587802,47.1643113],[4.9587619,47.1642566],[4.9588257,47.164071],[4.9588553,47.1640527],[4.9588724,47.1640152],[4.9588565,47.1640129],[4.9588508,47.1639685],[4.9588849,47.1638978],[4.9588793,47.1638557],[4.9588565,47.1638614],[4.9587927,47.1636541],[4.9587562,47.1636313],[4.9587437,47.1635231],[4.9587528,47.1634331],[4.9587733,47.1633135],[4.9588485,47.1631939],[4.9588736,47.1631313],[4.9588542,47.1630185],[4.9596276,47.1629024],[4.9596059,47.1627714],[4.9588257,47.1628625],[4.9588337,47.1625686],[4.9588337,47.1624536],[4.9587494,47.1621278],[4.9596435,47.1620219],[4.9596697,47.1624069],[4.9600729,47.162375],[4.9600684,47.1620527],[4.9602039,47.1620333],[4.9602278,47.162244],[4.9610547,47.1621552],[4.9610434,47.1625846],[4.9610639,47.1627976],[4.9611049,47.1631324],[4.961155,47.163334],[4.9612871,47.1636598],[4.9613737,47.1638397],[4.9614147,47.1638876],[4.9614454,47.1639388],[4.9614705,47.1641029],[4.9602267,47.1643614],[4.9594601,47.1645288],[4.9591116,47.1645744],[4.9590854,47.1645186],[4.9590159,47.1645163],[4.9589806,47.1644252],[4.9587904,47.1644491]]]}},{"type":"Feature","id":"way/410237668","properties":{"crop":"grape","landuse":"vineyard","name":"Climat de Bourgogne - Village","source":"Studio Indelebil","id":"way/410237668"},"geometry":{"type":"Polygon","coordinates":[[[4.9561536,47.1645263],[4.9561126,47.1643532],[4.9573746,47.164139],[4.9574658,47.1641618],[4.9574976,47.1643304],[4.9561536,47.1645263]]]}},{"type":"Feature","id":"way/410237671","properties":{"crop":"grape","landuse":"vineyard","name":"Climat de Bourgogne - Village","source":"Studio Indelebil","id":"way/410237671"},"geometry":{"type":"Polygon","coordinates":[[[4.9593178,47.1593552],[4.9565409,47.1597243],[4.9563723,47.1587834],[4.9562402,47.1585648],[4.9588941,47.1582299],[4.9589067,47.1582713],[4.9590786,47.1588358],[4.9593178,47.1593552]]]}},{"type":"Feature","id":"way/410237673","properties":{"crop":"grape","landuse":"vineyard","name":"Climat de Bourgogne - Village","source":"Studio Indelebil","id":"way/410237673"},"geometry":{"type":"Polygon","coordinates":[[[4.9573792,47.1622756],[4.9573245,47.1621754],[4.9571924,47.1614054],[4.9574885,47.1613462],[4.957525,47.161451],[4.9584499,47.1613325],[4.9589009,47.161656],[4.9591788,47.1618337],[4.9594886,47.1620114],[4.9573792,47.1622756]]]}},{"type":"Feature","id":"way/410237676","properties":{"crop":"grape","landuse":"vineyard","name":"Climat de Bourgogne - Village","source":"Studio Indelebil","id":"way/410237676"},"geometry":{"type":"Polygon","coordinates":[[[4.9522041,47.1514423],[4.952195,47.1514275],[4.9521722,47.1511086],[4.9521859,47.1510801],[4.9526609,47.1510311],[4.9526449,47.1511519],[4.952621,47.151227],[4.9525709,47.1512897],[4.952301,47.1514286],[4.9522041,47.1514423]]]}},{"type":"Feature","id":"way/410237679","properties":{"crop":"grape","landuse":"vineyard","name":"Climat de Bourgogne - Village","source":"Studio Indelebil","id":"way/410237679"},"geometry":{"type":"Polygon","coordinates":[[[4.9573701,47.1629955],[4.9573245,47.1629818],[4.9573017,47.1628314],[4.9573017,47.1626538],[4.9573655,47.1624214],[4.9573564,47.1623303],[4.9587095,47.1621572],[4.9587824,47.1625125],[4.9587642,47.1628292],[4.9573701,47.1629955]]]}},{"type":"Feature","id":"way/410261615","properties":{"crop":"grape","landuse":"vineyard","name":"Climat de Bourgogne - Premier Cru","source":"Studio Indelebil","id":"way/410261615"},"geometry":{"type":"Polygon","coordinates":[[[4.9451081,47.1497528],[4.9467996,47.1489339],[4.9470114,47.1491173],[4.9471481,47.1492278],[4.9473224,47.1494294],[4.9475251,47.1496572],[4.9474784,47.1496845],[4.9474955,47.1497175],[4.9475718,47.1496925],[4.9477165,47.1498109],[4.947819,47.1498998],[4.9478873,47.1499658],[4.9461014,47.1506982],[4.9458246,47.1504567],[4.9456423,47.1502882],[4.9453872,47.1500353],[4.9452209,47.1498736],[4.9451081,47.1497528]]]}},{"type":"Feature","id":"way/410261618","properties":{"crop":"grape","landuse":"vineyard","name":"Climat de Bourgogne - Premier Cru","source":"Studio Indelebil","id":"way/410261618"},"geometry":{"type":"Polygon","coordinates":[[[4.9426251,47.1496993],[4.9426115,47.1496788],[4.9431627,47.1492551],[4.9433268,47.1494032],[4.9434224,47.1495034],[4.9434612,47.1496013],[4.9434634,47.1496629],[4.9434725,47.1497585],[4.9434908,47.149877],[4.9435477,47.1499818],[4.9436662,47.1502027],[4.943632,47.1502164],[4.9437915,47.1504715],[4.9438439,47.1505946],[4.9439669,47.1508451],[4.9439874,47.1509135],[4.9438575,47.1509978],[4.9432147,47.1512566],[4.9425039,47.1504303],[4.9429893,47.1501512],[4.9432647,47.1504346],[4.943329,47.1504009],[4.943181,47.1502779],[4.9431263,47.1502119],[4.9430876,47.1501822],[4.9431263,47.1500934],[4.9429646,47.1499271],[4.9429919,47.1498246],[4.9428689,47.1497471],[4.9427891,47.149795],[4.9426251,47.1496993]]]}},{"type":"Feature","id":"way/410261622","properties":{"crop":"grape","landuse":"vineyard","name":"Climat de Bourgogne - Premier Cru","source":"Studio Indelebil","id":"way/410261622"},"geometry":{"type":"Polygon","coordinates":[[[4.946467,47.1544159],[4.9467813,47.1543658],[4.9468542,47.1544888],[4.9470684,47.1546437],[4.9472506,47.1546255],[4.9476789,47.1545594],[4.9478064,47.1547257],[4.9486265,47.1545389],[4.9485286,47.1543134],[4.9483851,47.1541061],[4.9482256,47.1538054],[4.9494512,47.1535548],[4.949597,47.1538874],[4.9496744,47.1541061],[4.9496926,47.1542838],[4.9496562,47.1544706],[4.9496334,47.1546847],[4.9496471,47.1548442],[4.9497792,47.1552178],[4.9485491,47.1554775],[4.948499,47.1554137],[4.9477882,47.1556005],[4.9478019,47.1559467],[4.946467,47.1561381],[4.946426,47.1558693],[4.9463895,47.1555139],[4.9463622,47.1550993],[4.9463759,47.1548852],[4.9464169,47.1546027],[4.946426,47.1544432],[4.946467,47.1544159]]]}},{"type":"Feature","id":"way/410261626","properties":{"crop":"grape","landuse":"vineyard","name":"Climat de Bourgogne - Premier Cru","source":"Studio Indelebil","id":"way/410261626"},"geometry":{"type":"Polygon","coordinates":[[[4.9464715,47.1561722],[4.9476903,47.1559923],[4.9477085,47.1560583],[4.9478771,47.1560287],[4.9478406,47.1558602],[4.9478292,47.1556232],[4.9484534,47.1554683],[4.9484716,47.1555185],[4.9497906,47.155261],[4.9498589,47.1554888],[4.9499318,47.1557144],[4.9500389,47.1559012],[4.9501961,47.1561426],[4.9502371,47.1562337],[4.9503168,47.1563203],[4.9504398,47.1565299],[4.9505651,47.1567896],[4.9480844,47.1572839],[4.9477381,47.1573522],[4.9476401,47.1573796],[4.9467517,47.1575231],[4.9466492,47.1575413],[4.9465809,47.1575072],[4.9464396,47.1570766],[4.946795,47.157031],[4.9468246,47.1569377],[4.9468178,47.1568055],[4.9467745,47.1567736],[4.9467039,47.156678],[4.9465649,47.1564661],[4.9465103,47.1563682],[4.9464715,47.1561722]]]}},{"type":"Feature","id":"way/410261630","properties":{"crop":"grape","landuse":"vineyard","name":"Climat de Bourgogne - Premier Cru","source":"Studio Indelebil","id":"way/410261630"},"geometry":{"type":"Polygon","coordinates":[[[4.9462483,47.1528783],[4.946836,47.1527552],[4.9468702,47.1527917],[4.9471344,47.1527461],[4.9472711,47.1528919],[4.9472301,47.1529352],[4.9472962,47.1531562],[4.9474647,47.1533247],[4.9474784,47.1533817],[4.9477153,47.1533566],[4.9479568,47.1535548],[4.9479727,47.1536778],[4.9480092,47.1536983],[4.9480479,47.1537074],[4.9482096,47.1539808],[4.9484625,47.1543066],[4.9485901,47.154523],[4.9478315,47.1546847],[4.9477586,47.1545184],[4.9471299,47.1546004],[4.9469385,47.1544432],[4.9468861,47.1543202],[4.9464237,47.1543817],[4.9464374,47.1542724],[4.9464852,47.1542519],[4.9464806,47.1541835],[4.946451,47.1540355],[4.94641,47.1537257],[4.9464237,47.1536368],[4.9464601,47.1535799],[4.9464533,47.1534273],[4.9464305,47.1533384],[4.9463121,47.1531493],[4.9462415,47.1530013],[4.9462278,47.152917],[4.9462483,47.1528783]]]}},{"type":"Feature","id":"way/410261634","properties":{"crop":"grape","landuse":"vineyard","name":"Climat de Bourgogne - Premier Cru","source":"Studio Indelebil","id":"way/410261634"},"geometry":{"type":"Polygon","coordinates":[[[4.9494375,47.1535036],[4.9481709,47.1537633],[4.9481071,47.1536539],[4.9480935,47.153499],[4.9479431,47.1534534],[4.9477928,47.1533077],[4.9476105,47.1533213],[4.947565,47.1532393],[4.9474647,47.1531664],[4.9473873,47.153048],[4.9473873,47.1529432],[4.9474465,47.152925],[4.9473827,47.1528293],[4.9472096,47.1526926],[4.9469169,47.1527564],[4.9468895,47.1527028],[4.9471253,47.1526322],[4.9470262,47.1524511],[4.9471481,47.1524135],[4.9469499,47.1519898],[4.946918,47.1517871],[4.946918,47.1516891],[4.9469089,47.1516345],[4.9467836,47.1515342],[4.946631,47.1514272],[4.9465262,47.1512973],[4.9463485,47.1510467],[4.9461162,47.1507142],[4.9479021,47.1499761],[4.9480183,47.1501196],[4.9481322,47.1503269],[4.9482962,47.1506413],[4.9484511,47.1509875],[4.9485764,47.1512495],[4.9486493,47.1513725],[4.948811,47.1516254],[4.9488817,47.1517939],[4.9489044,47.1519306],[4.9488999,47.1520627],[4.9488794,47.1522723],[4.9489158,47.1524477],[4.9489728,47.1526095],[4.9491801,47.1529671],[4.9493281,47.1532086],[4.949401,47.1533566],[4.949442,47.1534751],[4.9494375,47.1535036]]]}},{"type":"Feature","id":"way/410261635","properties":{"crop":"grape","landuse":"vineyard","name":"Climat de Bourgogne - Premier Cru","source":"Studio Indelebil","id":"way/410261635"},"geometry":{"type":"Polygon","coordinates":[[[4.9460683,47.1508235],[4.9462096,47.1510376],[4.9463827,47.1512563],[4.946492,47.1514431],[4.9466333,47.151557],[4.9467426,47.1516572],[4.9468064,47.1517803],[4.9468383,47.151885],[4.947057,47.1524135],[4.946934,47.152491],[4.9470023,47.1526459],[4.946852,47.1526915],[4.9468155,47.1527325],[4.9462005,47.15286],[4.9461412,47.1526596],[4.945959,47.1523725],[4.9458496,47.1521812],[4.9456628,47.1520081],[4.9455034,47.1518395],[4.9453621,47.1516846],[4.9451981,47.1514613],[4.9449567,47.1512016],[4.9446423,47.1509328],[4.9443188,47.1506276],[4.9440728,47.1504408],[4.9438496,47.150254],[4.9437402,47.150131],[4.943681,47.1499943],[4.9436218,47.1498622],[4.9435899,47.1497528],[4.9436081,47.1496389],[4.9435944,47.1495478],[4.9435215,47.1494521],[4.9434532,47.1493565],[4.9432846,47.1492016],[4.9431662,47.1490467],[4.9431115,47.1489601],[4.943157,47.1488781],[4.9432937,47.1487733],[4.9435079,47.1486002],[4.9435352,47.1485159],[4.9435466,47.1484521],[4.9441092,47.1482539],[4.9441776,47.1483223],[4.9457562,47.14773],[4.9458588,47.147837],[4.9459225,47.1479441],[4.9459932,47.1480717],[4.9460615,47.1481924],[4.9461617,47.1483109],[4.946287,47.1484521],[4.9465125,47.1486776],[4.9467905,47.1489236],[4.9450501,47.1497574],[4.94541,47.150115],[4.9457289,47.1504522],[4.9459738,47.1507278],[4.9460683,47.1508235]]]}},{"type":"Feature","id":"way/410261637","properties":{"crop":"grape","landuse":"vineyard","name":"Climat de Bourgogne - Village","source":"Studio Indelebil","id":"way/410261637"},"geometry":{"type":"Polygon","coordinates":[[[4.9413198,47.1503964],[4.9413176,47.1503053],[4.9413608,47.1502756],[4.9418962,47.1500159],[4.9419918,47.1501481],[4.9422515,47.1504305],[4.9429418,47.1511618],[4.9423768,47.1514306],[4.9421171,47.1511322],[4.9416365,47.1506788],[4.9413494,47.1504214],[4.9413198,47.1503964]]]}},{"type":"Feature","id":"way/410261638","properties":{"crop":"grape","landuse":"vineyard","name":"Climat de Bourgogne - Village","source":"Studio Indelebil","id":"way/410261638"},"geometry":{"type":"Polygon","coordinates":[[[4.9424133,47.1514716],[4.9429691,47.1511891],[4.9432402,47.1515012],[4.9434634,47.1514124],[4.9436593,47.1515832],[4.9441423,47.1513941],[4.9442152,47.1515536],[4.9442038,47.1515787],[4.9443427,47.1518361],[4.9446093,47.1521641],[4.9433017,47.1526584],[4.942878,47.1520958],[4.9424133,47.1514716]]]}},{"type":"Feature","id":"way/410261643","properties":{"crop":"grape","landuse":"vineyard","name":"Climat de Bourgogne - Village","source":"Studio Indelebil","id":"way/410261643"},"geometry":{"type":"Polygon","coordinates":[[[4.94101,47.1494282],[4.9411399,47.1492665],[4.9420078,47.1498086],[4.942411,47.149574],[4.9425454,47.1496879],[4.9426661,47.1497813],[4.9426661,47.14982],[4.9426889,47.1498633],[4.9427276,47.1499043],[4.9428301,47.1499863],[4.9429999,47.1501339],[4.9425024,47.1504098],[4.9423951,47.1503531],[4.9422379,47.1502551],[4.9422196,47.150139],[4.9421012,47.1500273],[4.9420556,47.1499453],[4.9419349,47.1498588],[4.9414337,47.150123],[4.941354,47.1500524],[4.9412743,47.1499112],[4.94119,47.1496492],[4.9411399,47.1495398],[4.94101,47.1494282]]]}},{"type":"Feature","id":"way/410261654","properties":{"crop":"grape","landuse":"vineyard","name":"Climat de Bourgogne - Village","source":"Studio Indelebil","id":"way/410261654"},"geometry":{"type":"Polygon","coordinates":[[[4.9459977,47.1479316],[4.9481869,47.1469167],[4.9482541,47.1469965],[4.9483133,47.1470807],[4.948434,47.1472129],[4.9486299,47.1473974],[4.9488703,47.1476184],[4.9490639,47.1478165],[4.9491915,47.1479703],[4.9492894,47.1481024],[4.949376,47.1482175],[4.949458,47.148279],[4.9496129,47.148394],[4.9498601,47.148558],[4.9500924,47.1487243],[4.9502382,47.1488507],[4.9504421,47.1490683],[4.9506277,47.1492745],[4.9511198,47.1498861],[4.9483725,47.1506401],[4.9481447,47.1501868],[4.9480889,47.1501071],[4.9479841,47.1499818],[4.9478896,47.1498804],[4.9477495,47.1497654],[4.9476242,47.1496629],[4.9475581,47.1495991],[4.9473975,47.1493975],[4.9472016,47.1491959],[4.9470479,47.1490455],[4.9468736,47.1488906],[4.9466925,47.1487368],[4.9463531,47.1484259],[4.9461936,47.1482744],[4.9461105,47.1481617],[4.9460547,47.1480637],[4.946,47.1479532],[4.9459977,47.1479316]]]}},{"type":"Feature","id":"way/410261677","properties":{"crop":"grape","landuse":"vineyard","source":"Studio Indelebil","id":"way/410261677"},"geometry":{"type":"Polygon","coordinates":[[[4.9685341,47.1645199],[4.9683568,47.1626018],[4.968731,47.1625813],[4.9693289,47.1625275],[4.9695315,47.1625052],[4.9697994,47.1635472],[4.9695056,47.1635973],[4.9695306,47.1637112],[4.9691183,47.163775],[4.9691958,47.1642238],[4.9686741,47.1642944],[4.9686923,47.1645139],[4.9685341,47.1645199]]]}},{"type":"Feature","id":"way/410261684","properties":{"crop":"grape","landuse":"vineyard","source":"Studio Indelebil","id":"way/410261684"},"geometry":{"type":"Polygon","coordinates":[[[4.9620226,47.157508],[4.9607694,47.1578818],[4.9607216,47.1577816],[4.9609744,47.157711],[4.9609289,47.1576039],[4.9605393,47.1576836],[4.9601635,47.1577474],[4.9601202,47.1575743],[4.9604072,47.1575173],[4.9606327,47.1574695],[4.9605532,47.1573075],[4.9615326,47.156997],[4.9620226,47.157508]]]}},{"type":"Feature","id":"way/410261688","properties":{"crop":"grape","landuse":"vineyard","id":"way/410261688"},"geometry":{"type":"Polygon","coordinates":[[[4.9595142,47.1561027],[4.9594892,47.1561004],[4.9594322,47.1559888],[4.9596669,47.1559045],[4.9599744,47.155802],[4.9603115,47.1556517],[4.9605849,47.1554968],[4.9606487,47.1554808],[4.9608173,47.1555901],[4.9606487,47.1556835],[4.9603047,47.1558362],[4.9601043,47.1559205],[4.9597694,47.1560161],[4.9595142,47.1561027]]]}},{"type":"Feature","id":"way/410261694","properties":{"crop":"grape","landuse":"vineyard","source":"Studio Indelebil","id":"way/410261694"},"geometry":{"type":"Polygon","coordinates":[[[4.963397,47.1479893],[4.9634881,47.1489363],[4.963601,47.1501958],[4.9636921,47.1506583],[4.9637308,47.1508496],[4.9638547,47.151411],[4.9638014,47.1514396],[4.963708,47.1514807],[4.9636579,47.1512119],[4.963503,47.1504282],[4.9633663,47.1496811],[4.9633367,47.1493781],[4.9631089,47.1479839],[4.963397,47.1479893]]]}},{"type":"Feature","id":"way/410261695","properties":{"crop":"grape","landuse":"vineyard","id":"way/410261695"},"geometry":{"type":"Polygon","coordinates":[[[4.9689816,47.1598511],[4.9688677,47.1594912],[4.9686832,47.1589422],[4.9686194,47.1587258],[4.9685442,47.1583294],[4.9684918,47.158006],[4.968485,47.1574752],[4.9686263,47.1574866],[4.9686285,47.1578078],[4.968649,47.1580834],[4.9686923,47.1583294],[4.968788,47.1587281],[4.9689019,47.1590926],[4.9691115,47.159596],[4.9691707,47.1598033],[4.969116,47.1598261],[4.9689816,47.1598511]]]}},{"type":"Feature","id":"way/410261697","properties":{"crop":"grape","landuse":"vineyard","source":"Studio Indelebil","id":"way/410261697"},"geometry":{"type":"Polygon","coordinates":[[[4.9681069,47.1626155],[4.9682322,47.1636292],[4.9678745,47.1636588],[4.9680279,47.1645445],[4.967919,47.1645483],[4.9676865,47.1645599],[4.9676786,47.1644607],[4.967633,47.1641737],[4.9675715,47.1638866],[4.9674964,47.1636178],[4.9673939,47.1632738],[4.9673369,47.1630984],[4.96728,47.1629253],[4.9672435,47.1627453],[4.9672245,47.1625537],[4.9673346,47.1625654],[4.9681069,47.1626155]]]}},{"type":"Feature","id":"way/410261704","properties":{"crop":"grape","landuse":"vineyard","id":"way/410261704"},"geometry":{"type":"Polygon","coordinates":[[[4.969952,47.1529773],[4.9701434,47.1529522],[4.9701958,47.1531504],[4.9702664,47.1533942],[4.9703484,47.1536265],[4.9704441,47.1538839],[4.9705307,47.1541618],[4.9706081,47.1544124],[4.9706833,47.1546926],[4.9707311,47.1548999],[4.9705375,47.1549364],[4.970476,47.1546858],[4.9704145,47.1544511],[4.9702687,47.1539864],[4.9701275,47.1535992],[4.9700341,47.1533213],[4.969952,47.1529773]]]}},{"type":"Feature","id":"way/410261705","properties":{"crop":"grape","landuse":"vineyard","source":"Studio Indelebil","id":"way/410261705"},"geometry":{"type":"Polygon","coordinates":[[[4.9660674,47.1543372],[4.9661911,47.1540935],[4.9662503,47.1539158],[4.9663437,47.1535855],[4.9664234,47.1532279],[4.9664622,47.1530684],[4.9664689,47.1530215],[4.9665715,47.1530251],[4.9670681,47.153057],[4.9674713,47.1530798],[4.967772,47.1531071],[4.9681524,47.1531413],[4.9684486,47.1531595],[4.967902,47.1550431],[4.9678722,47.1550435],[4.9672512,47.1549837],[4.9671106,47.1549433],[4.9660674,47.1543372]]]}},{"type":"Feature","id":"way/410261708","properties":{"crop":"grape","landuse":"vineyard","source":"Studio Indelebil","id":"way/410261708"},"geometry":{"type":"Polygon","coordinates":[[[4.9692737,47.1529876],[4.9692094,47.1526652],[4.9690887,47.1517472],[4.9690636,47.1514624],[4.9690477,47.1510638],[4.9690522,47.1507927],[4.9690796,47.1505558],[4.9691194,47.1502178],[4.969385,47.1502305],[4.9693507,47.1504464],[4.9693256,47.1506218],[4.9693142,47.1508132],[4.9693302,47.1513007],[4.9693552,47.151934],[4.9694144,47.1524898],[4.9694795,47.1529635],[4.9693324,47.1529796],[4.9692737,47.1529876]]]}},{"type":"Feature","id":"way/410261714","properties":{"crop":"grape","landuse":"vineyard","source":"Studio Indelebil","id":"way/410261714"},"geometry":{"type":"Polygon","coordinates":[[[4.9649694,47.1673848],[4.9660646,47.16711],[4.9670626,47.1668605],[4.9670749,47.166889],[4.9675899,47.1679876],[4.9674624,47.1680161],[4.9671928,47.1681635],[4.9666425,47.1683183],[4.9670732,47.1692471],[4.9667668,47.1692703],[4.9666342,47.1692636],[4.966557,47.1691048],[4.9664125,47.1691142],[4.9663254,47.1689258],[4.9662897,47.1689002],[4.9658384,47.1688733],[4.9657058,47.1686042],[4.9654029,47.1678976],[4.9652425,47.1679191],[4.9649694,47.1673848]]]}},{"type":"Feature","id":"way/410261717","properties":{"crop":"grape","landuse":"vineyard","source":"Studio Indelebil","id":"way/410261717"},"geometry":{"type":"Polygon","coordinates":[[[4.9690053,47.1530246],[4.9689247,47.1525103],[4.9688085,47.1519043],[4.96869,47.1512506],[4.9686741,47.1510979],[4.9686718,47.1509225],[4.9686878,47.1507061],[4.9687288,47.1504646],[4.9687976,47.1501886],[4.9689035,47.150205],[4.968829,47.1504806],[4.9687925,47.1507038],[4.9687766,47.1509043],[4.9687789,47.1510843],[4.9687971,47.1512392],[4.9688654,47.1516697],[4.9689702,47.1522301],[4.9690477,47.1526789],[4.9690863,47.1530135],[4.9690053,47.1530246]]]}},{"type":"Feature","id":"way/410261724","properties":{"landuse":"vineyard","id":"way/410261724"},"geometry":{"type":"Polygon","coordinates":[[[4.9651377,47.150682],[4.9649808,47.15033],[4.9648949,47.1500107],[4.9648198,47.1492519],[4.9647998,47.1478271],[4.9652476,47.147768],[4.9653573,47.1488723],[4.9654143,47.1493689],[4.9654758,47.1496924],[4.9655282,47.1498906],[4.9656878,47.1503166],[4.9655387,47.1504394],[4.9651377,47.150682]]]}},{"type":"Feature","id":"way/410261733","properties":{"crop":"grape","landuse":"vineyard","source":"Studio Indelebil","id":"way/410261733"},"geometry":{"type":"Polygon","coordinates":[[[4.9705853,47.1623285],[4.9697584,47.1624264],[4.9691525,47.162497],[4.9684121,47.1625426],[4.9681729,47.1625608],[4.96769,47.1625289],[4.9670932,47.1624606],[4.9668494,47.1624219],[4.9665988,47.1623831],[4.966592,47.1623581],[4.9664553,47.1623604],[4.9663596,47.1623353],[4.9663141,47.1622715],[4.9661205,47.1613831],[4.9660179,47.1609093],[4.9659678,47.1606428],[4.96716,47.1603879],[4.967321,47.1608933],[4.9679702,47.1607863],[4.9682713,47.1620613],[4.9683769,47.1624896],[4.9695124,47.1623626],[4.9705332,47.1622374],[4.9705853,47.1623285]]]}},{"type":"Feature","id":"way/410261737","properties":{"crop":"grape","landuse":"vineyard","source":"Studio Indelebil","id":"way/410261737"},"geometry":{"type":"Polygon","coordinates":[[[4.9647387,47.160814],[4.9642483,47.1609908],[4.963901,47.1610932],[4.9635664,47.1605754],[4.9630736,47.1607032],[4.9622122,47.1608996],[4.9615991,47.1609613],[4.9615795,47.1606584],[4.9620954,47.1605562],[4.9624527,47.160465],[4.9628635,47.1603373],[4.9628948,47.1601227],[4.962961,47.1600214],[4.9634617,47.1598034],[4.9633205,47.1596665],[4.9625017,47.1599507],[4.9624037,47.159797],[4.9625134,47.1597522],[4.9623733,47.1595824],[4.9635684,47.1590822],[4.963725,47.1590195],[4.9637669,47.159052],[4.964062,47.1593486],[4.9642548,47.159655],[4.9646033,47.1603876],[4.9647387,47.160814]]]}},{"type":"Feature","id":"way/410261740","properties":{"crop":"grape","landuse":"vineyard","source":"Studio Indelebil","id":"way/410261740"},"geometry":{"type":"Polygon","coordinates":[[[4.9643823,47.1479725],[4.9643664,47.1481753],[4.9643732,47.1483939],[4.9643664,47.1487288],[4.9643573,47.1489771],[4.9643573,47.149296],[4.9643709,47.1495534],[4.9643869,47.1498906],[4.964437,47.1502482],[4.9644917,47.1505353],[4.964576,47.1508679],[4.9646033,47.1509772],[4.9642707,47.1511891],[4.9642009,47.151226],[4.9641409,47.1511959],[4.964109,47.1511458],[4.964052,47.1509499],[4.9639791,47.1507016],[4.9638903,47.1500637],[4.9638561,47.1491844],[4.9638515,47.1480067],[4.9643823,47.1479725]]]}},{"type":"Feature","id":"way/410261743","properties":{"crop":"grape","landuse":"vineyard","source":"Studio Indelebil","id":"way/410261743"},"geometry":{"type":"Polygon","coordinates":[[[4.9671207,47.1625426],[4.9671797,47.1628706],[4.9672481,47.1631394],[4.9673528,47.163554],[4.9674599,47.1640393],[4.9675583,47.1645679],[4.9674067,47.164576],[4.9674263,47.1647239],[4.9683958,47.164717],[4.9692395,47.1646398],[4.969885,47.1663331],[4.9689243,47.1664536],[4.9681053,47.1666602],[4.9685032,47.167751],[4.9681661,47.1678093],[4.9680795,47.167618],[4.9678768,47.1676704],[4.9674964,47.1667706],[4.9673323,47.1662831],[4.9670818,47.1655086],[4.966879,47.1648434],[4.9667651,47.1643149],[4.9668585,47.1642807],[4.9667765,47.1637158],[4.9665669,47.1625312],[4.9668426,47.162513],[4.9671207,47.1625426]]]}},{"type":"Feature","id":"way/410261746","properties":{"crop":"grape","landuse":"vineyard","source":"Studio Indelebil","id":"way/410261746"},"geometry":{"type":"Polygon","coordinates":[[[4.9632321,47.1676551],[4.9636169,47.1676954],[4.9637673,47.1677046],[4.963921,47.1677],[4.9640987,47.1676692],[4.9646734,47.1675227],[4.9647486,47.1677016],[4.9650436,47.1683678],[4.9651842,47.1688149],[4.9652397,47.1688755],[4.9653802,47.1689051],[4.9658573,47.1689361],[4.9661206,47.1689764],[4.9662532,47.1690316],[4.9662611,47.1692066],[4.9665165,47.1691944],[4.9665581,47.1693102],[4.9670569,47.1693075],[4.9670629,47.1693492],[4.9670431,47.169395],[4.9649716,47.1697522],[4.9644747,47.1698222],[4.9641543,47.1698447],[4.9627937,47.1698942],[4.9627237,47.169879],[4.962732,47.1694721],[4.9627712,47.1691867],[4.9628328,47.1689716],[4.9629056,47.1689469],[4.9628916,47.1686823],[4.962886,47.1685015],[4.9630249,47.167775],[4.9630613,47.1676456],[4.9632321,47.1676551]]]}},{"type":"Feature","id":"way/410261750","properties":{"crop":"grape","landuse":"vineyard","source":"Studio Indelebil","id":"way/410261750"},"geometry":{"type":"Polygon","coordinates":[[[4.9683278,47.1500706],[4.9683005,47.1501252],[4.9682276,47.1504054],[4.9681661,47.1507289],[4.9681456,47.1508724],[4.9681707,47.1511116],[4.9680522,47.1511139],[4.9680681,47.151303],[4.9683256,47.152344],[4.9683734,47.152524],[4.9683989,47.153068],[4.9683164,47.1530707],[4.9680317,47.1530684],[4.9676558,47.1530502],[4.9670932,47.153016],[4.9665009,47.1529841],[4.9662389,47.1529727],[4.9659245,47.1529704],[4.965674,47.1529682],[4.9653833,47.1529825],[4.9650612,47.1529932],[4.9645714,47.1530479],[4.9642867,47.153098],[4.9642365,47.1530844],[4.9640907,47.1526015],[4.963954,47.1521185],[4.9638629,47.1517313],[4.9638538,47.1516447],[4.9639677,47.1515558],[4.9641841,47.1514396],[4.9642684,47.1513576],[4.96456,47.151205],[4.9648744,47.1510364],[4.9652913,47.1508018],[4.9655646,47.1506492],[4.9657719,47.1505148],[4.9659223,47.150394],[4.9660316,47.1502915],[4.9663004,47.1500614],[4.9664098,47.1499544],[4.9666239,47.1499156],[4.9669383,47.149886],[4.9673049,47.1498858],[4.9677488,47.1499232],[4.9681137,47.1499954],[4.9683278,47.1500706]]]}},{"type":"Feature","id":"way/410261753","properties":{"crop":"grape","landuse":"vineyard","source":"Studio Indelebil","id":"way/410261753"},"geometry":{"type":"Polygon","coordinates":[[[4.9684522,47.1620256],[4.968017,47.1601164],[4.9684073,47.1600333],[4.9686452,47.1610405],[4.9688548,47.1619462],[4.9684522,47.1620256]]]}},{"type":"Feature","id":"way/410261755","properties":{"crop":"grape","landuse":"vineyard","source":"Studio Indelebil","id":"way/410261755"},"geometry":{"type":"Polygon","coordinates":[[[4.9634377,47.1587963],[4.963357,47.1588259],[4.9620918,47.1593675],[4.9619107,47.1591689],[4.9631918,47.1586052],[4.9634377,47.1587963]]]}},{"type":"Feature","id":"way/410261757","properties":{"crop":"grape","landuse":"vineyard","id":"way/410261757"},"geometry":{"type":"Polygon","coordinates":[[[4.9603486,47.1463733],[4.9585944,47.1468312],[4.9586749,47.1470191],[4.9594554,47.1468713],[4.9602574,47.1466579],[4.9605779,47.1466014],[4.9608532,47.146934],[4.961102,47.1472755],[4.9613457,47.1475489],[4.961528,47.1477379],[4.9617237,47.147886],[4.9619392,47.1479385],[4.9624802,47.1479338],[4.9626123,47.1488701],[4.9628473,47.1493226],[4.9629772,47.1498703],[4.9629799,47.1502771],[4.9629503,47.1505689],[4.9628196,47.1506014],[4.9628788,47.1511253],[4.9629472,47.1512848],[4.9630281,47.1517947],[4.9632803,47.1517801],[4.9635646,47.15261],[4.9636289,47.1531372],[4.9626338,47.1532685],[4.9625697,47.1524759],[4.9614783,47.1530016],[4.9611177,47.153123],[4.960467,47.1535237],[4.9601068,47.1535981],[4.9600449,47.1532607],[4.9584393,47.1534684],[4.9581668,47.1527461],[4.9576018,47.1513793],[4.9565184,47.1485678],[4.955825,47.1467504],[4.9552236,47.1453836],[4.9549371,47.1449256],[4.9559408,47.1447589],[4.9558923,47.1446273],[4.9549343,47.1447913],[4.954859,47.1446366],[4.9558311,47.1444483],[4.9556989,47.1441293],[4.9561688,47.1440327],[4.9560864,47.1436491],[4.955659,47.143693],[4.9550504,47.1437809],[4.9550018,47.1436237],[4.9561699,47.1434676],[4.9571408,47.143412],[4.9581512,47.1441835],[4.9594012,47.1454257],[4.9597263,47.1458023],[4.9603486,47.1463733]]]}},{"type":"Feature","id":"way/410261759","properties":{"crop":"grape","landuse":"vineyard","source":"Studio Indelebil","id":"way/410261759"},"geometry":{"type":"Polygon","coordinates":[[[4.9670225,47.1667672],[4.9656979,47.167118],[4.9649357,47.1673189],[4.964621,47.1673983],[4.9646325,47.1674257],[4.9641363,47.1675542],[4.9639643,47.1675827],[4.9637684,47.1675998],[4.9635304,47.1675929],[4.9632321,47.1675542],[4.9630641,47.1675257],[4.9630417,47.1673601],[4.9630964,47.1672433],[4.9630873,47.1668606],[4.962905,47.1664232],[4.9626317,47.1658674],[4.9622398,47.1650473],[4.9615656,47.1635985],[4.9614015,47.1631247],[4.9613378,47.1628604],[4.9613378,47.1625324],[4.9614028,47.1621537],[4.9614972,47.1621587],[4.9618126,47.1621498],[4.9617967,47.1622708],[4.9619443,47.1622765],[4.9619457,47.1623341],[4.9624674,47.162348],[4.9624676,47.1618361],[4.9629907,47.1618045],[4.9630243,47.1621498],[4.9636821,47.1621273],[4.9636784,47.1617403],[4.9644258,47.1616908],[4.9642746,47.1610946],[4.964658,47.1609845],[4.9647901,47.160964],[4.9648972,47.1609047],[4.9654598,47.1607612],[4.9659177,47.1624264],[4.9654781,47.1625267],[4.9660635,47.1642124],[4.9660999,47.1643263],[4.9656398,47.1643741],[4.9650042,47.1644516],[4.964576,47.1645222],[4.9641978,47.1645974],[4.9633094,47.1647591],[4.9633956,47.1649546],[4.9635121,47.1652193],[4.9641819,47.1651008],[4.96533,47.1649436],[4.9665124,47.1648026],[4.9665442,47.1648776],[4.9667742,47.1654425],[4.9669086,47.1659004],[4.9668722,47.1659778],[4.9671638,47.1667273],[4.9670225,47.1667672]]]}},{"type":"Feature","id":"way/410261762","properties":{"crop":"grape","landuse":"vineyard","source":"Studio Indelebil","id":"way/410261762"},"geometry":{"type":"Polygon","coordinates":[[[4.968508,47.1550349],[4.9685192,47.1531504],[4.9685283,47.1531071],[4.9686941,47.1531026],[4.9687098,47.1541815],[4.9687427,47.1550318],[4.968508,47.1550349]]]}},{"type":"Feature","id":"way/410261764","properties":{"crop":"grape","landuse":"vineyard","source":"Studio Indelebil","id":"way/410261764"},"geometry":{"type":"Polygon","coordinates":[[[4.9630022,47.1584579],[4.9615872,47.1590482],[4.9613936,47.1588659],[4.961954,47.1585926],[4.9618401,47.1584946],[4.9613526,47.1587178],[4.9612433,47.1585926],[4.9625233,47.1580002],[4.9630022,47.1584579]]]}},{"type":"Feature","id":"way/410261767","properties":{"crop":"grape","landuse":"vineyard","source":"Studio Indelebil","id":"way/410261767"},"geometry":{"type":"Polygon","coordinates":[[[4.965961,47.1530069],[4.9659473,47.1531869],[4.9659109,47.1534739],[4.9658813,47.153663],[4.9658243,47.1538384],[4.9657176,47.1541127],[4.9651476,47.1537467],[4.9653702,47.1530249],[4.9656557,47.1530092],[4.965961,47.1530069]]]}},{"type":"Feature","id":"way/410261768","properties":{"crop":"grape","landuse":"vineyard","source":"Studio Indelebil","id":"way/410261768"},"geometry":{"type":"Polygon","coordinates":[[[4.9699006,47.1529174],[4.9698678,47.1524511],[4.9698381,47.1515535],[4.9698768,47.1502161],[4.9701115,47.1502141],[4.970412,47.1502055],[4.9703666,47.1509886],[4.9703484,47.1516788],[4.9703887,47.152864],[4.9699006,47.1529174]]]}},{"type":"Feature","id":"way/1303863647","properties":{"landuse":"vineyard","id":"way/1303863647"},"geometry":{"type":"Polygon","coordinates":[[[4.9411364,47.1655591],[4.941376,47.1653941],[4.9424703,47.1659904],[4.9424703,47.1660387],[4.9423188,47.1661554],[4.9422759,47.1661335],[4.9422142,47.1660168],[4.9419996,47.1659384],[4.9417582,47.1658034],[4.94138,47.1657059],[4.9411364,47.1655591]]]}},{"type":"Feature","id":"way/1303863660","properties":{"landuse":"vineyard","id":"way/1303863660"},"geometry":{"type":"Polygon","coordinates":[[[4.9401033,47.1627361],[4.9394086,47.1629951],[4.9390706,47.1631173],[4.9388453,47.1623987],[4.9387997,47.1621781],[4.939368,47.1620048],[4.9396158,47.1619519],[4.9398485,47.1619556],[4.9401033,47.1627361]]]}},{"type":"Feature","id":"way/1303863674","properties":{"landuse":"vineyard","id":"way/1303863674"},"geometry":{"type":"Polygon","coordinates":[[[4.9414044,47.1700348],[4.940739,47.1702765],[4.941093,47.1706758],[4.9415517,47.1710806],[4.9419916,47.1713578],[4.9419862,47.1713851],[4.9418494,47.1714289],[4.941093,47.1713997],[4.9408221,47.1714526],[4.9400389,47.1716896],[4.9398324,47.1715346],[4.93976,47.1714216],[4.9397036,47.1710478],[4.9396473,47.1708636],[4.9394488,47.1705555],[4.9388507,47.1697696],[4.9400979,47.1693101],[4.9409401,47.1693739],[4.9414044,47.1700348]]]}},{"type":"Feature","id":"way/1303863705","properties":{"landuse":"vineyard","id":"way/1303863705"},"geometry":{"type":"Polygon","coordinates":[[[4.9380326,47.1615233],[4.9373004,47.1591871],[4.9393147,47.1589719],[4.9398431,47.161248],[4.9398217,47.1613045],[4.9380326,47.1615233]]]}},{"type":"Feature","id":"way/1303863706","properties":{"landuse":"vineyard","id":"way/1303863706"},"geometry":{"type":"Polygon","coordinates":[[[4.9385235,47.1557345],[4.9347416,47.1570441],[4.9345565,47.1567942],[4.9383759,47.1554974],[4.9385235,47.1557345]]]}},{"type":"Feature","id":"way/1303863713","properties":{"landuse":"vineyard","id":"way/1303863713"},"geometry":{"type":"Polygon","coordinates":[[[4.9345484,47.1560118],[4.9342132,47.1558877],[4.9339932,47.1561048],[4.9339342,47.1560756],[4.9329123,47.1548773],[4.9328935,47.1547934],[4.933328,47.1542316],[4.9332395,47.1541294],[4.9311715,47.1530496],[4.931112,47.1530742],[4.9311212,47.1531775],[4.9315813,47.1536324],[4.9312144,47.1537227],[4.9314183,47.154124],[4.931877,47.1540091],[4.9325743,47.1550049],[4.932467,47.1550597],[4.9299887,47.1557199],[4.9276659,47.1565936],[4.9271938,47.1564349],[4.9268532,47.1563565],[4.9267352,47.1562416],[4.9267888,47.1560884],[4.92677,47.1559789],[4.9266869,47.1557929],[4.9265373,47.1556751],[4.9262534,47.1555291],[4.9259211,47.1553935],[4.9256103,47.1551192],[4.9253749,47.1548479],[4.925276,47.1548144],[4.9246942,47.1547371],[4.9245133,47.1546675],[4.924219,47.1544685],[4.9240642,47.1543936],[4.9236546,47.1542201],[4.9233201,47.1540248],[4.9231338,47.1538457],[4.922776,47.1530584],[4.922741,47.1528912],[4.9227598,47.152702],[4.9228723,47.1524915],[4.9229902,47.152253],[4.9231638,47.1517323],[4.9232614,47.1516288],[4.9234175,47.1515296],[4.9238456,47.1513093],[4.9239222,47.1512699],[4.9238937,47.151242],[4.9236488,47.1511623],[4.9234566,47.1510641],[4.9232639,47.1508581],[4.92331,47.1507039],[4.9236345,47.1505653],[4.9238867,47.150527],[4.9261183,47.1506182],[4.9262738,47.1506601],[4.9264187,47.1509502],[4.927344,47.150786],[4.9280754,47.1508955],[4.9312093,47.1515833],[4.9325289,47.1520731],[4.933606,47.1526335],[4.9352518,47.1531866],[4.9362856,47.1537162],[4.9345484,47.1560118]]]}}],"source":"© OpenStreetMap contributors, ODbL 1.0","timestamp":"2026-09-12T13:28:05Z","bbox":[4.93,47.15,4.97,47.17]}